alt_supplier_id,component_id,supplier_id,capacity_units_per_month,cost_premium_pct,lead_time_days,approved_status
ALT-0001,CMP-009,SUP-006,800,12.0,10,Yes
ALT-0002,CMP-009,SUP-004,800,18.4,5,Yes
ALT-0003,CMP-018,SUP-015,400,23.1,4,Yes
ALT-0004,CMP-010,SUP-008,800,6.9,7,Yes
ALT-0005,CMP-027,SUP-006,400,18.5,7,No
ALT-0006,CMP-002,SUP-006,400,5.4,7,No
ALT-0007,CMP-002,SUP-007,200,7.9,3,Yes
ALT-0008,CMP-022,SUP-015,400,13.3,10,No
ALT-0009,CMP-022,SUP-020,400,7.2,3,Yes
ALT-0010,CMP-028,SUP-002,600,17.0,7,Yes
ALT-0011,CMP-014,SUP-009,300,18.4,4,Yes
ALT-0012,CMP-001,SUP-006,600,13.8,10,Yes
ALT-0013,CMP-001,SUP-018,500,14.3,3,Yes
ALT-0014,CMP-019,SUP-003,500,20.1,2,No
ALT-0015,CMP-024,SUP-009,300,5.4,5,No
ALT-0016,CMP-024,SUP-008,500,18.4,5,No
ALT-0017,CMP-030,SUP-014,600,19.4,5,Yes
ALT-0018,CMP-030,SUP-003,500,16.8,10,Yes
ALT-0019,CMP-005,SUP-018,200,13.5,2,No
ALT-0020,CMP-012,SUP-018,600,12.3,10,Yes
ALT-0021,CMP-007,SUP-002,500,12.0,3,Yes
