bom_id,parent_product_id,component_id,qty_required_per_unit
BOM-0001,FG-010,CMP-007,2
BOM-0002,FG-010,CMP-022,4
BOM-0003,FG-013,CMP-007,2
BOM-0004,FG-013,CMP-025,4
BOM-0005,FG-013,CMP-021,1
BOM-0006,FG-001,CMP-024,4
BOM-0007,FG-001,CMP-004,2
BOM-0008,FG-001,CMP-022,2
BOM-0009,FG-001,CMP-029,1
BOM-0010,FG-002,CMP-014,1
BOM-0011,FG-002,CMP-006,2
BOM-0012,FG-002,CMP-015,4
BOM-0013,FG-003,CMP-017,1
BOM-0014,FG-003,CMP-030,2
BOM-0015,FG-004,CMP-017,2
BOM-0016,FG-004,CMP-020,1
BOM-0018,FG-004,CMP-005,4
BOM-0019,FG-005,CMP-020,2
BOM-0020,FG-005,CMP-011,1
BOM-0021,FG-006,CMP-030,2
BOM-0022,FG-006,CMP-012,1
BOM-0023,FG-007,CMP-008,4
BOM-0024,FG-007,CMP-029,1
BOM-0025,FG-008,CMP-024,1
BOM-0026,FG-008,CMP-016,4
BOM-0027,FG-009,CMP-005,2
BOM-0028,FG-009,CMP-022,4
BOM-0029,FG-011,CMP-009,4
BOM-0030,FG-011,CMP-017,2
BOM-0031,FG-012,CMP-030,1
BOM-0032,FG-012,CMP-018,2
BOM-0033,FG-014,CMP-022,2
BOM-0034,FG-014,CMP-021,4
BOM-0035,FG-014,CMP-012,2
BOM-0036,FG-015,CMP-008,2
BOM-0037,FG-015,CMP-003,1
