customer_order_id,customer_id,product_id,qty_ordered,order_date,requested_delivery_date,status
CO-00001,CUST-002,FG-006,15,2026-01-26,2026-02-05,Fulfilled
CO-00002,CUST-011,FG-015,20,2026-08-16,2026-09-15,Fulfilled
CO-00003,CUST-006,FG-006,25,2026-04-22,2026-05-14,Open
CO-00004,CUST-028,FG-011,10,2026-04-24,2026-05-14,Fulfilled
CO-00005,CUST-007,FG-006,10,2026-01-20,2026-02-02,Fulfilled
CO-00006,CUST-036,FG-012,30,2026-05-11,2026-05-26,Open
CO-00007,CUST-020,FG-004,5,2026-09-14,2026-10-03,Open
CO-00008,CUST-032,FG-003,5,2026-06-26,2026-07-03,Fulfilled
CO-00009,CUST-019,FG-014,30,2026-04-19,2026-05-15,Fulfilled
CO-00010,CUST-007,FG-001,10,2026-08-14,2026-09-10,Fulfilled
CO-00011,CUST-006,FG-008,50,2026-08-28,2026-09-13,Open
CO-00012,CUST-031,FG-008,30,2026-07-21,2026-07-30,Open
CO-00013,CUST-025,FG-003,15,2026-02-12,2026-03-03,Fulfilled
CO-00014,CUST-029,FG-001,15,2026-06-06,2026-06-27,Fulfilled
CO-00015,CUST-018,FG-010,5,2026-08-19,2026-09-17,Open
CO-00016,CUST-006,FG-011,15,2026-03-04,2026-03-28,Fulfilled
CO-00017,CUST-049,FG-010,10,2026-05-08,2026-05-16,At Risk
CO-00018,CUST-034,FG-007,25,2026-04-04,2026-04-26,Open
CO-00019,CUST-016,FG-008,15,2026-09-06,2026-09-25,At Risk
CO-00020,CUST-046,FG-001,25,2026-05-03,2026-05-26,At Risk
CO-00021,CUST-044,FG-010,10,2026-08-27,2026-09-17,Fulfilled
CO-00022,CUST-011,FG-004,50,2026-08-08,2026-08-19,Fulfilled
CO-00023,CUST-006,FG-011,20,2026-08-06,2026-09-02,Fulfilled
CO-00024,CUST-039,FG-005,15,2026-02-05,2026-03-07,At Risk
CO-00025,CUST-005,FG-002,20,2026-05-07,2026-05-26,Open
CO-00026,CUST-018,FG-009,20,2026-02-04,2026-02-11,Open
CO-00027,CUST-040,FG-010,25,2026-03-10,2026-03-30,Fulfilled
CO-00028,CUST-010,FG-003,25,2026-04-29,2026-05-24,Open
CO-00029,CUST-007,FG-015,5,2026-05-05,2026-05-15,Open
CO-00030,CUST-035,FG-015,15,2026-02-14,2026-03-06,Fulfilled
CO-00031,CUST-042,FG-008,25,2026-04-24,2026-05-16,Fulfilled
CO-00032,CUST-018,FG-007,10,2026-04-21,2026-05-17,Open
CO-00033,CUST-026,FG-001,20,2026-02-11,2026-02-28,Open
CO-00034,CUST-004,FG-012,20,2026-02-03,2026-02-18,At Risk
CO-00035,CUST-002,FG-006,50,2026-03-07,2026-03-23,Fulfilled
CO-00036,CUST-032,FG-014,30,2026-04-04,2026-04-14,Delayed
CO-00037,CUST-015,FG-003,15,2026-01-20,2026-02-19,Fulfilled
CO-00038,CUST-021,FG-005,30,2026-06-12,2026-07-08,Open
CO-00039,CUST-013,FG-008,10,2026-02-05,2026-02-25,Open
CO-00040,CUST-049,FG-009,50,2026-06-23,2026-07-01,Fulfilled
CO-00041,CUST-011,FG-002,15,2026-03-29,2026-04-21,Fulfilled
CO-00042,CUST-050,FG-014,25,2026-02-13,2026-03-10,Fulfilled
CO-00043,CUST-013,FG-015,50,2026-08-06,2026-08-14,Fulfilled
CO-00044,CUST-030,FG-001,15,2026-03-30,2026-04-12,Fulfilled
CO-00045,CUST-030,FG-009,20,2026-04-17,2026-04-27,Open
CO-00046,CUST-016,FG-006,20,2026-04-27,2026-05-18,Fulfilled
CO-00047,CUST-031,FG-010,25,2026-06-29,2026-07-17,Fulfilled
CO-00048,CUST-017,FG-012,50,2026-04-03,2026-04-12,Fulfilled
CO-00049,CUST-025,FG-001,10,2026-02-20,2026-03-17,Open
CO-00050,CUST-014,FG-014,10,2026-04-14,2026-04-28,Open
CO-00051,CUST-018,FG-011,20,2026-05-18,2026-05-25,At Risk
CO-00052,CUST-050,FG-011,5,2026-05-28,2026-06-08,Open
CO-00053,CUST-039,FG-013,5,2026-07-31,2026-08-15,Open
CO-00054,CUST-020,FG-012,30,2026-04-15,2026-04-30,Fulfilled
CO-00055,CUST-025,FG-014,15,2026-06-01,2026-06-16,Fulfilled
CO-00056,CUST-020,FG-011,25,2026-02-27,2026-03-25,Fulfilled
CO-00057,CUST-007,FG-001,25,2026-04-10,2026-04-28,Open
CO-00058,CUST-039,FG-010,15,2026-07-12,2026-08-09,Fulfilled
CO-00059,CUST-005,FG-006,15,2026-04-16,2026-05-03,At Risk
CO-00060,CUST-017,FG-011,30,2026-01-26,2026-02-22,Fulfilled
CO-00061,CUST-010,FG-009,50,2026-07-27,2026-08-04,At Risk
CO-00062,CUST-039,FG-007,30,2026-07-07,2026-08-04,Fulfilled
CO-00063,CUST-002,FG-011,20,2026-07-13,2026-07-28,At Risk
CO-00064,CUST-026,FG-007,30,2026-09-17,2026-10-12,Open
CO-00065,CUST-037,FG-014,10,2026-07-01,2026-07-31,Open
CO-00066,CUST-044,FG-009,30,2026-03-10,2026-04-01,At Risk
CO-00067,CUST-043,FG-006,25,2026-07-12,2026-07-24,At Risk
CO-00068,CUST-036,FG-003,15,2026-09-02,2026-09-24,Fulfilled
CO-00069,CUST-017,FG-012,50,2026-05-06,2026-05-18,Delayed
CO-00070,CUST-022,FG-011,5,2026-08-01,2026-08-19,Fulfilled
CO-00071,CUST-020,FG-007,50,2026-02-11,2026-02-28,Fulfilled
CO-00072,CUST-038,FG-005,20,2026-02-21,2026-03-03,Fulfilled
CO-00073,CUST-041,FG-010,25,2026-01-28,2026-02-23,Fulfilled
CO-00074,CUST-013,FG-009,5,2026-02-16,2026-03-16,Fulfilled
CO-00075,CUST-020,FG-007,5,2026-02-16,2026-02-27,Fulfilled
CO-00076,CUST-013,FG-006,20,2026-05-04,2026-05-25,Fulfilled
CO-00077,CUST-046,FG-003,50,2026-09-06,2026-09-28,Fulfilled
CO-00078,CUST-012,FG-006,30,2026-09-12,2026-09-19,Fulfilled
CO-00079,CUST-014,FG-013,50,2026-08-14,2026-09-08,Open
CO-00080,CUST-032,FG-013,50,2026-03-11,2026-03-20,Fulfilled
CO-00081,CUST-028,FG-011,20,2026-06-15,2026-07-05,Delayed
CO-00082,CUST-025,FG-001,5,2026-05-13,2026-05-26,Open
CO-00083,CUST-001,FG-015,15,2026-03-17,2026-04-09,Fulfilled
CO-00084,CUST-044,FG-001,30,2026-03-23,2026-04-06,Fulfilled
CO-00085,CUST-023,FG-005,10,2026-08-31,2026-09-19,Fulfilled
CO-00086,CUST-020,FG-003,5,2026-02-28,2026-03-08,Fulfilled
CO-00087,CUST-019,FG-008,30,2026-05-16,2026-06-11,Fulfilled
CO-00088,CUST-028,FG-015,30,2026-08-23,2026-09-09,Delayed
CO-00089,CUST-032,FG-006,50,2026-08-09,2026-08-21,Delayed
CO-00090,CUST-026,FG-001,10,2026-07-31,2026-08-30,Delayed
CO-00091,CUST-014,FG-012,5,2026-04-29,2026-05-22,Fulfilled
CO-00092,CUST-024,FG-012,30,2026-03-08,2026-03-16,Fulfilled
CO-00093,CUST-041,FG-005,50,2026-05-13,2026-06-08,Fulfilled
CO-00094,CUST-004,FG-011,5,2026-04-12,2026-04-19,Fulfilled
CO-00095,CUST-008,FG-007,20,2026-06-21,2026-07-01,Fulfilled
CO-00096,CUST-031,FG-012,10,2026-08-05,2026-09-03,Open
CO-00097,CUST-001,FG-005,20,2026-04-10,2026-04-20,Open
CO-00098,CUST-018,FG-010,25,2026-03-31,2026-04-11,Fulfilled
CO-00099,CUST-007,FG-009,30,2026-04-21,2026-05-01,Fulfilled
CO-00100,CUST-007,FG-008,10,2026-04-24,2026-05-07,Open
CO-00101,CUST-034,FG-004,15,2026-03-30,2026-04-19,Fulfilled
CO-00102,CUST-003,FG-009,20,2026-02-05,2026-02-18,Open
CO-00103,CUST-031,FG-006,10,2026-09-26,2026-10-03,Open
CO-00104,CUST-008,FG-014,25,2026-04-08,2026-04-30,Fulfilled
CO-00105,CUST-006,FG-013,25,2026-09-07,2026-10-07,Open
CO-00106,CUST-017,FG-011,10,2026-06-02,2026-06-18,Fulfilled
CO-00107,CUST-004,FG-002,50,2026-08-13,2026-08-21,At Risk
CO-00108,CUST-024,FG-013,30,2026-07-08,2026-07-28,Open
CO-00109,CUST-007,FG-014,50,2026-02-11,2026-02-19,Fulfilled
CO-00110,CUST-009,FG-011,30,2026-08-14,2026-08-31,Fulfilled
CO-00111,CUST-029,FG-010,15,2026-02-14,2026-03-16,Fulfilled
CO-00112,CUST-022,FG-003,5,2026-06-16,2026-07-05,Delayed
CO-00113,CUST-018,FG-014,20,2026-04-03,2026-04-25,Open
CO-00114,CUST-042,FG-015,50,2026-08-15,2026-08-25,Fulfilled
CO-00115,CUST-047,FG-001,50,2026-08-17,2026-08-27,Fulfilled
CO-00116,CUST-038,FG-008,50,2026-05-04,2026-06-01,Fulfilled
CO-00117,CUST-040,FG-007,50,2026-06-27,2026-07-23,Fulfilled
CO-00118,CUST-044,FG-015,50,2026-03-24,2026-04-04,Fulfilled
CO-00119,CUST-032,FG-002,20,2026-06-06,2026-06-14,Fulfilled
CO-00120,CUST-042,FG-006,5,2026-03-30,2026-04-27,Fulfilled
CO-00121,CUST-048,FG-010,30,2026-05-05,2026-05-19,Delayed
CO-00122,CUST-043,FG-014,15,2026-05-17,2026-06-09,Open
CO-00123,CUST-040,FG-002,20,2026-04-10,2026-05-10,Fulfilled
CO-00124,CUST-023,FG-011,30,2026-04-15,2026-05-04,Fulfilled
CO-00125,CUST-036,FG-015,25,2026-09-13,2026-09-20,Open
CO-00126,CUST-011,FG-009,50,2026-05-29,2026-06-20,At Risk
CO-00127,CUST-005,FG-013,20,2026-07-06,2026-07-20,Fulfilled
CO-00128,CUST-018,FG-001,25,2026-07-31,2026-08-24,Open
CO-00129,CUST-026,FG-014,10,2026-09-06,2026-09-27,Fulfilled
CO-00130,CUST-037,FG-008,5,2026-02-19,2026-03-13,Fulfilled
CO-00131,CUST-008,FG-008,30,2026-04-12,2026-04-19,Fulfilled
CO-00132,CUST-027,FG-001,25,2026-05-09,2026-05-16,At Risk
CO-00133,CUST-039,FG-010,30,2026-07-11,2026-08-03,Open
CO-00134,CUST-042,FG-011,20,2026-01-26,2026-02-12,Fulfilled
CO-00135,CUST-004,FG-014,10,2026-02-22,2026-03-15,Fulfilled
CO-00136,CUST-050,FG-010,25,2026-05-28,2026-06-26,Open
CO-00137,CUST-046,FG-008,5,2026-09-02,2026-09-30,Fulfilled
CO-00138,CUST-022,FG-006,50,2026-04-17,2026-05-03,Fulfilled
CO-00139,CUST-024,FG-012,5,2026-09-15,2026-09-27,Fulfilled
CO-00140,CUST-046,FG-012,30,2026-06-14,2026-06-24,Fulfilled
CO-00141,CUST-013,FG-004,5,2026-01-31,2026-02-19,Fulfilled
CO-00142,CUST-013,FG-012,15,2026-08-30,2026-09-19,Fulfilled
CO-00143,CUST-041,FG-014,30,2026-04-29,2026-05-09,Open
CO-00144,CUST-029,FG-008,30,2026-04-29,2026-05-22,Fulfilled
CO-00145,CUST-032,FG-001,25,2026-03-22,2026-03-30,Open
CO-00146,CUST-028,FG-014,25,2026-05-26,2026-06-18,Open
CO-00147,CUST-012,FG-012,25,2026-08-13,2026-09-12,At Risk
CO-00148,CUST-007,FG-007,30,2026-04-26,2026-05-22,At Risk
CO-00149,CUST-033,FG-015,20,2026-06-11,2026-07-07,At Risk
CO-00150,CUST-049,FG-004,15,2026-06-17,2026-07-04,Delayed
CO-00151,CUST-029,FG-013,10,2026-08-22,2026-09-11,Open
CO-00152,CUST-048,FG-009,15,2026-02-23,2026-03-24,Fulfilled
CO-00153,CUST-021,FG-012,30,2026-01-30,2026-02-23,Open
CO-00154,CUST-013,FG-004,25,2026-03-28,2026-04-13,Open
CO-00155,CUST-044,FG-003,30,2026-04-13,2026-04-25,Fulfilled
CO-00156,CUST-045,FG-011,15,2026-03-29,2026-04-08,Open
CO-00157,CUST-036,FG-008,25,2026-05-03,2026-05-31,Open
CO-00158,CUST-044,FG-012,50,2026-05-13,2026-05-29,At Risk
CO-00159,CUST-028,FG-013,5,2026-05-16,2026-05-26,Fulfilled
CO-00160,CUST-010,FG-001,30,2026-09-12,2026-09-25,Fulfilled
CO-00161,CUST-011,FG-005,30,2026-07-24,2026-08-04,At Risk
CO-00162,CUST-045,FG-013,15,2026-08-05,2026-08-29,Fulfilled
CO-00163,CUST-029,FG-002,25,2026-02-16,2026-03-16,Open
CO-00164,CUST-015,FG-012,30,2026-05-06,2026-05-25,Fulfilled
CO-00165,CUST-045,FG-005,30,2026-04-09,2026-04-17,Delayed
CO-00166,CUST-025,FG-007,50,2026-01-20,2026-02-17,Fulfilled
CO-00167,CUST-036,FG-001,5,2026-03-20,2026-04-04,Fulfilled
CO-00168,CUST-050,FG-014,50,2026-06-05,2026-06-19,At Risk
CO-00169,CUST-046,FG-012,30,2026-06-24,2026-07-19,Fulfilled
CO-00170,CUST-039,FG-004,50,2026-03-25,2026-04-07,Fulfilled
CO-00171,CUST-012,FG-011,5,2026-08-10,2026-08-22,Open
CO-00172,CUST-008,FG-007,5,2026-06-09,2026-06-24,Open
CO-00173,CUST-009,FG-003,25,2026-02-22,2026-03-09,Fulfilled
CO-00174,CUST-030,FG-012,10,2026-09-16,2026-09-27,Delayed
CO-00175,CUST-039,FG-001,50,2026-01-31,2026-02-27,Open
CO-00176,CUST-043,FG-005,20,2026-03-08,2026-04-02,Open
CO-00177,CUST-005,FG-013,30,2026-07-07,2026-07-30,Fulfilled
CO-00178,CUST-012,FG-009,5,2026-03-09,2026-04-01,Fulfilled
CO-00179,CUST-035,FG-009,20,2026-09-03,2026-09-21,Fulfilled
CO-00180,CUST-014,FG-011,15,2026-07-04,2026-07-22,Fulfilled
CO-00181,CUST-049,FG-010,25,2026-05-28,2026-06-21,At Risk
CO-00182,CUST-042,FG-001,5,2026-04-08,2026-04-26,Fulfilled
CO-00183,CUST-042,FG-010,25,2026-07-26,2026-08-03,Open
CO-00184,CUST-021,FG-007,50,2026-01-28,2026-02-07,Fulfilled
CO-00185,CUST-035,FG-012,15,2026-09-20,2026-10-13,At Risk
CO-00186,CUST-024,FG-009,50,2026-05-19,2026-06-09,Fulfilled
CO-00187,CUST-019,FG-015,30,2026-08-08,2026-08-25,Fulfilled
CO-00188,CUST-007,FG-003,50,2026-05-12,2026-06-05,Fulfilled
CO-00189,CUST-005,FG-004,30,2026-04-18,2026-05-01,At Risk
CO-00190,CUST-028,FG-014,5,2026-08-05,2026-08-29,At Risk
CO-00191,CUST-048,FG-013,20,2026-04-14,2026-04-23,Open
CO-00192,CUST-010,FG-001,20,2026-03-27,2026-04-13,Fulfilled
CO-00193,CUST-005,FG-001,10,2026-03-07,2026-03-22,Open
CO-00194,CUST-037,FG-014,10,2026-02-05,2026-02-20,Fulfilled
CO-00195,CUST-029,FG-011,20,2026-06-08,2026-06-25,Fulfilled
CO-00196,CUST-044,FG-002,25,2026-09-25,2026-10-22,Open
CO-00197,CUST-005,FG-013,30,2026-04-30,2026-05-08,Open
CO-00198,CUST-005,FG-006,25,2026-08-30,2026-09-15,Open
CO-00199,CUST-020,FG-010,5,2026-07-16,2026-08-06,Fulfilled
CO-00200,CUST-043,FG-001,20,2026-08-17,2026-09-10,Fulfilled
CO-00201,CUST-048,FG-007,50,2026-03-06,2026-03-30,Fulfilled
CO-00202,CUST-041,FG-003,15,2026-04-06,2026-05-06,Open
CO-00203,CUST-001,FG-009,50,2026-05-07,2026-05-18,Fulfilled
CO-00204,CUST-001,FG-010,25,2026-06-18,2026-07-12,Fulfilled
CO-00205,CUST-006,FG-005,10,2026-03-19,2026-04-18,At Risk
CO-00206,CUST-023,FG-004,20,2026-02-07,2026-03-06,At Risk
CO-00207,CUST-010,FG-003,10,2026-08-01,2026-08-27,At Risk
CO-00208,CUST-013,FG-002,10,2026-04-08,2026-05-03,At Risk
CO-00209,CUST-049,FG-015,25,2026-05-31,2026-06-27,Fulfilled
CO-00210,CUST-019,FG-011,5,2026-07-24,2026-08-03,Fulfilled
CO-00211,CUST-038,FG-008,15,2026-06-27,2026-07-08,Open
CO-00212,CUST-016,FG-002,15,2026-04-21,2026-04-30,At Risk
CO-00213,CUST-021,FG-008,20,2026-07-04,2026-07-30,Open
CO-00214,CUST-045,FG-010,10,2026-05-05,2026-05-30,Fulfilled
CO-00215,CUST-021,FG-007,10,2026-09-25,2026-10-12,Fulfilled
CO-00216,CUST-015,FG-012,30,2026-04-15,2026-05-05,Fulfilled
CO-00217,CUST-024,FG-003,30,2026-03-23,2026-04-09,At Risk
CO-00218,CUST-030,FG-008,15,2026-03-12,2026-03-28,Fulfilled
CO-00219,CUST-007,FG-003,30,2026-04-24,2026-05-03,At Risk
CO-00220,CUST-009,FG-015,25,2026-08-07,2026-08-22,Open
CO-00221,CUST-041,FG-002,30,2026-09-07,2026-09-14,At Risk
CO-00222,CUST-041,FG-001,50,2026-05-01,2026-05-26,Fulfilled
CO-00223,CUST-038,FG-004,5,2026-05-08,2026-05-23,Fulfilled
CO-00224,CUST-035,FG-008,30,2026-03-12,2026-03-23,Fulfilled
CO-00225,CUST-015,FG-015,50,2026-04-29,2026-05-29,At Risk
CO-00226,CUST-009,FG-008,25,2026-05-19,2026-05-28,Fulfilled
CO-00227,CUST-033,FG-001,30,2026-07-27,2026-08-22,Open
CO-00228,CUST-049,FG-009,10,2026-06-04,2026-06-16,Fulfilled
CO-00229,CUST-037,FG-011,50,2026-01-22,2026-02-02,Open
CO-00230,CUST-031,FG-006,5,2026-08-01,2026-08-23,Fulfilled
CO-00231,CUST-017,FG-006,10,2026-09-16,2026-10-14,Fulfilled
CO-00232,CUST-024,FG-007,20,2026-02-04,2026-02-25,At Risk
CO-00233,CUST-003,FG-011,15,2026-08-31,2026-09-29,Delayed
CO-00234,CUST-041,FG-014,15,2026-02-25,2026-03-27,Fulfilled
CO-00235,CUST-035,FG-010,10,2026-06-22,2026-07-19,Fulfilled
CO-00236,CUST-038,FG-011,50,2026-09-07,2026-09-30,Fulfilled
CO-00237,CUST-015,FG-009,20,2026-06-28,2026-07-16,Fulfilled
CO-00238,CUST-031,FG-015,25,2026-09-25,2026-10-18,At Risk
CO-00239,CUST-029,FG-003,10,2026-09-07,2026-09-30,Open
CO-00240,CUST-014,FG-003,10,2026-08-17,2026-09-04,Open
CO-00241,CUST-008,FG-011,10,2026-06-12,2026-06-29,Open
CO-00242,CUST-031,FG-011,20,2026-05-27,2026-06-09,Open
CO-00243,CUST-042,FG-014,20,2026-09-21,2026-10-05,Fulfilled
CO-00244,CUST-037,FG-010,10,2026-08-23,2026-09-19,Fulfilled
CO-00245,CUST-037,FG-003,5,2026-08-15,2026-08-30,Delayed
CO-00246,CUST-034,FG-007,25,2026-01-21,2026-02-15,Open
CO-00247,CUST-047,FG-012,30,2026-02-28,2026-03-16,Delayed
CO-00248,CUST-014,FG-008,25,2026-05-29,2026-06-20,Fulfilled
CO-00249,CUST-027,FG-010,10,2026-03-07,2026-04-01,At Risk
CO-00250,CUST-012,FG-010,30,2026-05-19,2026-06-03,Fulfilled
CO-00251,CUST-044,FG-006,20,2026-04-27,2026-05-22,Fulfilled
CO-00252,CUST-025,FG-007,10,2026-08-30,2026-09-06,Fulfilled
CO-00253,CUST-033,FG-011,20,2026-02-27,2026-03-10,Open
CO-00254,CUST-012,FG-008,25,2026-04-26,2026-05-04,At Risk
CO-00255,CUST-035,FG-009,50,2026-08-27,2026-09-05,Fulfilled
CO-00256,CUST-009,FG-015,25,2026-05-11,2026-05-18,At Risk
CO-00257,CUST-050,FG-011,30,2026-06-08,2026-07-01,Fulfilled
CO-00258,CUST-003,FG-012,25,2026-06-09,2026-06-23,Delayed
CO-00259,CUST-031,FG-013,50,2026-06-21,2026-07-09,Open
CO-00260,CUST-048,FG-015,50,2026-02-24,2026-03-25,Open
CO-00261,CUST-028,FG-003,15,2026-05-27,2026-06-10,At Risk
CO-00262,CUST-006,FG-005,25,2026-02-14,2026-03-10,Fulfilled
CO-00263,CUST-013,FG-001,30,2026-03-20,2026-03-27,Open
CO-00264,CUST-008,FG-009,5,2026-06-22,2026-07-19,Fulfilled
CO-00265,CUST-021,FG-007,15,2026-08-30,2026-09-10,Fulfilled
CO-00266,CUST-038,FG-005,15,2026-02-20,2026-03-16,Fulfilled
CO-00267,CUST-024,FG-010,15,2026-04-05,2026-04-24,Open
CO-00268,CUST-027,FG-009,50,2026-05-07,2026-05-29,Fulfilled
CO-00269,CUST-036,FG-009,20,2026-07-24,2026-08-09,Open
CO-00270,CUST-050,FG-012,20,2026-03-22,2026-04-02,At Risk
CO-00271,CUST-043,FG-002,30,2026-07-30,2026-08-20,Open
CO-00272,CUST-011,FG-002,10,2026-05-19,2026-06-07,Open
CO-00273,CUST-036,FG-010,30,2026-04-04,2026-05-03,Fulfilled
CO-00274,CUST-025,FG-011,5,2026-03-05,2026-03-14,At Risk
CO-00275,CUST-031,FG-015,25,2026-06-07,2026-06-16,Fulfilled
CO-00276,CUST-015,FG-006,5,2026-04-24,2026-05-02,Open
CO-00277,CUST-026,FG-010,30,2026-05-16,2026-06-01,Open
CO-00278,CUST-039,FG-001,50,2026-03-01,2026-03-13,Open
CO-00279,CUST-029,FG-001,10,2026-02-21,2026-03-21,Delayed
CO-00280,CUST-034,FG-005,10,2026-09-18,2026-10-14,Fulfilled
CO-00281,CUST-045,FG-004,25,2026-08-14,2026-09-11,Fulfilled
CO-00282,CUST-016,FG-011,5,2026-01-20,2026-02-01,Fulfilled
CO-00283,CUST-018,FG-013,20,2026-06-28,2026-07-26,Fulfilled
CO-00284,CUST-038,FG-004,25,2026-09-23,2026-10-23,Open
CO-00285,CUST-006,FG-009,15,2026-03-25,2026-04-18,At Risk
CO-00286,CUST-023,FG-006,50,2026-07-18,2026-08-01,Open
CO-00287,CUST-013,FG-008,20,2026-05-02,2026-05-09,Fulfilled
CO-00288,CUST-027,FG-009,5,2026-05-06,2026-05-15,Fulfilled
CO-00289,CUST-022,FG-002,50,2026-05-18,2026-06-02,At Risk
CO-00290,CUST-037,FG-005,30,2026-06-05,2026-06-24,Open
CO-00291,CUST-050,FG-004,50,2026-07-02,2026-07-23,Open
CO-00292,CUST-038,FG-014,5,2026-05-26,2026-06-05,Fulfilled
CO-00293,CUST-025,FG-011,50,2026-08-01,2026-08-29,Open
CO-00294,CUST-021,FG-007,15,2026-05-17,2026-06-10,Fulfilled
CO-00295,CUST-017,FG-004,15,2026-09-03,2026-09-22,Open
CO-00296,CUST-022,FG-002,25,2026-01-31,2026-02-12,Fulfilled
CO-00297,CUST-023,FG-004,25,2026-07-20,2026-08-01,Delayed
CO-00298,CUST-044,FG-015,10,2026-05-22,2026-06-21,Fulfilled
CO-00299,CUST-048,FG-004,50,2026-07-21,2026-08-03,Fulfilled
CO-00300,CUST-016,FG-014,25,2026-06-27,2026-07-08,Open
CO-00301,CUST-008,FG-015,5,2026-04-06,2026-05-04,Fulfilled
CO-00302,CUST-001,FG-013,50,2026-05-11,2026-05-19,At Risk
CO-00303,CUST-024,FG-010,15,2026-05-23,2026-06-17,At Risk
CO-00304,CUST-032,FG-003,50,2026-02-04,2026-02-27,Fulfilled
CO-00305,CUST-015,FG-013,25,2026-08-25,2026-09-02,Fulfilled
CO-00306,CUST-028,FG-008,25,2026-09-18,2026-10-11,Fulfilled
CO-00307,CUST-044,FG-013,10,2026-06-01,2026-06-11,Open
CO-00308,CUST-030,FG-006,30,2026-09-24,2026-10-01,Open
CO-00309,CUST-025,FG-010,5,2026-07-05,2026-07-23,Open
CO-00310,CUST-017,FG-003,25,2026-07-21,2026-08-04,Fulfilled
CO-00311,CUST-040,FG-006,15,2026-08-10,2026-09-01,Fulfilled
CO-00312,CUST-027,FG-012,50,2026-06-23,2026-07-11,At Risk
CO-00313,CUST-018,FG-008,10,2026-05-03,2026-05-14,Delayed
CO-00314,CUST-044,FG-004,50,2026-09-01,2026-10-01,Fulfilled
CO-00315,CUST-016,FG-009,20,2026-02-19,2026-03-10,Fulfilled
CO-00316,CUST-048,FG-003,20,2026-03-04,2026-03-11,Fulfilled
CO-00317,CUST-032,FG-003,50,2026-04-18,2026-05-11,Fulfilled
CO-00318,CUST-021,FG-013,20,2026-07-12,2026-07-27,Open
CO-00319,CUST-037,FG-001,20,2026-09-01,2026-09-30,Fulfilled
CO-00320,CUST-014,FG-014,15,2026-05-28,2026-06-24,Fulfilled
CO-00321,CUST-048,FG-006,15,2026-06-26,2026-07-14,Open
CO-00322,CUST-017,FG-006,5,2026-06-13,2026-06-23,Fulfilled
CO-00323,CUST-044,FG-010,10,2026-05-02,2026-05-27,Open
CO-00324,CUST-035,FG-003,50,2026-07-16,2026-08-03,Fulfilled
CO-00325,CUST-033,FG-008,50,2026-03-22,2026-04-12,At Risk
CO-00326,CUST-025,FG-010,15,2026-05-31,2026-06-27,Delayed
CO-00327,CUST-011,FG-011,50,2026-02-01,2026-02-18,Fulfilled
CO-00328,CUST-040,FG-010,20,2026-02-21,2026-03-02,Fulfilled
CO-00329,CUST-022,FG-004,15,2026-07-07,2026-08-03,Fulfilled
CO-00330,CUST-018,FG-010,30,2026-06-17,2026-07-02,At Risk
CO-00331,CUST-050,FG-014,15,2026-03-19,2026-04-13,Fulfilled
CO-00332,CUST-029,FG-007,10,2026-08-10,2026-08-17,Fulfilled
CO-00333,CUST-016,FG-011,15,2026-01-29,2026-02-28,Open
CO-00334,CUST-006,FG-004,10,2026-06-17,2026-06-27,Fulfilled
CO-00335,CUST-031,FG-009,5,2026-09-20,2026-10-09,Fulfilled
CO-00336,CUST-006,FG-002,15,2026-04-21,2026-05-02,Fulfilled
CO-00337,CUST-025,FG-005,10,2026-07-25,2026-08-24,Fulfilled
CO-00338,CUST-041,FG-003,10,2026-05-15,2026-05-27,Fulfilled
CO-00339,CUST-043,FG-006,50,2026-02-04,2026-02-21,At Risk
CO-00340,CUST-030,FG-014,25,2026-01-30,2026-02-14,Fulfilled
CO-00341,CUST-009,FG-012,25,2026-08-12,2026-09-06,Open
CO-00342,CUST-041,FG-012,30,2026-02-14,2026-03-11,Fulfilled
CO-00343,CUST-041,FG-011,25,2026-07-09,2026-07-27,Fulfilled
CO-00344,CUST-015,FG-013,5,2026-06-05,2026-06-21,Fulfilled
CO-00345,CUST-017,FG-003,15,2026-09-24,2026-10-01,Fulfilled
CO-00346,CUST-049,FG-014,10,2026-06-30,2026-07-16,Fulfilled
CO-00347,CUST-001,FG-012,20,2026-01-27,2026-02-18,Fulfilled
CO-00348,CUST-050,FG-007,50,2026-07-14,2026-08-09,Fulfilled
CO-00349,CUST-001,FG-009,15,2026-08-09,2026-08-29,At Risk
CO-00350,CUST-028,FG-007,10,2026-08-16,2026-09-14,Open
CO-00351,CUST-025,FG-014,20,2026-08-01,2026-08-16,Fulfilled
CO-00352,CUST-041,FG-004,25,2026-03-15,2026-04-10,At Risk
CO-00353,CUST-044,FG-005,15,2026-04-13,2026-05-13,Fulfilled
CO-00354,CUST-018,FG-007,10,2026-02-20,2026-03-01,Fulfilled
CO-00355,CUST-019,FG-002,30,2026-06-02,2026-06-28,Fulfilled
CO-00356,CUST-045,FG-010,20,2026-08-09,2026-08-26,Fulfilled
CO-00357,CUST-004,FG-009,5,2026-08-10,2026-08-20,Fulfilled
CO-00358,CUST-009,FG-012,20,2026-03-24,2026-03-31,Fulfilled
CO-00359,CUST-010,FG-001,20,2026-08-02,2026-08-19,Fulfilled
CO-00360,CUST-032,FG-006,20,2026-04-01,2026-04-09,Fulfilled
CO-00361,CUST-049,FG-003,5,2026-07-20,2026-08-08,Fulfilled
CO-00362,CUST-031,FG-003,10,2026-02-09,2026-02-24,At Risk
CO-00363,CUST-001,FG-002,50,2026-03-28,2026-04-11,Fulfilled
CO-00364,CUST-029,FG-004,30,2026-09-18,2026-10-01,Fulfilled
CO-00365,CUST-050,FG-002,25,2026-04-09,2026-04-22,Fulfilled
CO-00366,CUST-044,FG-005,15,2026-08-17,2026-09-13,Open
CO-00367,CUST-048,FG-015,25,2026-05-16,2026-05-26,Fulfilled
CO-00368,CUST-041,FG-005,10,2026-06-26,2026-07-04,At Risk
CO-00369,CUST-014,FG-002,10,2026-04-17,2026-05-07,Fulfilled
CO-00370,CUST-011,FG-013,15,2026-04-30,2026-05-10,Fulfilled
CO-00371,CUST-016,FG-001,5,2026-05-01,2026-05-30,Fulfilled
CO-00372,CUST-039,FG-003,15,2026-03-13,2026-03-22,Fulfilled
CO-00373,CUST-032,FG-002,30,2026-04-21,2026-05-08,Delayed
CO-00374,CUST-049,FG-011,5,2026-09-11,2026-09-29,Open
CO-00375,CUST-045,FG-009,50,2026-08-30,2026-09-10,Fulfilled
CO-00376,CUST-021,FG-009,50,2026-04-14,2026-05-02,At Risk
CO-00377,CUST-029,FG-012,10,2026-09-21,2026-10-20,Fulfilled
CO-00378,CUST-047,FG-003,15,2026-02-08,2026-02-16,Fulfilled
CO-00379,CUST-029,FG-009,15,2026-05-11,2026-06-09,Fulfilled
CO-00380,CUST-037,FG-003,25,2026-06-29,2026-07-16,Open
CO-00381,CUST-018,FG-014,50,2026-04-26,2026-05-20,Fulfilled
CO-00382,CUST-034,FG-003,20,2026-07-13,2026-07-28,Fulfilled
CO-00383,CUST-030,FG-001,50,2026-04-16,2026-05-09,Fulfilled
CO-00384,CUST-012,FG-015,5,2026-04-21,2026-05-09,Open
CO-00385,CUST-016,FG-006,30,2026-09-10,2026-10-08,Delayed
CO-00386,CUST-025,FG-004,25,2026-04-05,2026-04-27,Open
CO-00387,CUST-010,FG-010,15,2026-07-06,2026-07-26,Open
CO-00388,CUST-008,FG-002,25,2026-04-11,2026-04-20,Fulfilled
CO-00389,CUST-009,FG-003,50,2026-09-18,2026-10-01,Fulfilled
CO-00390,CUST-013,FG-002,5,2026-05-03,2026-05-30,At Risk
CO-00391,CUST-043,FG-008,25,2026-04-20,2026-05-19,Open
CO-00392,CUST-004,FG-006,10,2026-04-24,2026-05-23,Fulfilled
CO-00393,CUST-014,FG-011,20,2026-02-01,2026-02-10,Fulfilled
CO-00394,CUST-041,FG-001,15,2026-05-07,2026-06-06,Delayed
CO-00395,CUST-027,FG-014,15,2026-03-07,2026-04-05,Fulfilled
CO-00396,CUST-040,FG-005,25,2026-09-16,2026-10-16,Fulfilled
CO-00397,CUST-020,FG-002,10,2026-01-24,2026-02-16,Fulfilled
CO-00398,CUST-047,FG-004,25,2026-06-20,2026-07-03,Fulfilled
CO-00399,CUST-043,FG-004,25,2026-04-19,2026-05-01,Open
CO-00400,CUST-036,FG-007,30,2026-08-30,2026-09-26,Open
CO-00401,CUST-044,FG-008,30,2026-04-09,2026-04-29,At Risk
CO-00402,CUST-011,FG-013,10,2026-05-09,2026-05-28,Fulfilled
CO-00403,CUST-043,FG-003,25,2026-04-26,2026-05-17,Delayed
CO-00404,CUST-021,FG-009,15,2026-02-22,2026-03-12,Fulfilled
CO-00405,CUST-041,FG-007,50,2026-03-25,2026-04-11,Open
CO-00406,CUST-037,FG-009,10,2026-06-22,2026-07-16,Delayed
CO-00407,CUST-017,FG-006,20,2026-06-04,2026-06-23,Fulfilled
CO-00408,CUST-003,FG-005,25,2026-09-22,2026-10-15,Fulfilled
CO-00409,CUST-020,FG-001,15,2026-08-01,2026-08-14,At Risk
CO-00410,CUST-002,FG-013,50,2026-01-28,2026-02-26,At Risk
CO-00411,CUST-036,FG-009,25,2026-05-03,2026-05-28,Fulfilled
CO-00412,CUST-003,FG-008,15,2026-08-18,2026-08-29,Fulfilled
CO-00413,CUST-038,FG-004,10,2026-07-23,2026-08-08,Fulfilled
CO-00414,CUST-026,FG-010,10,2026-03-23,2026-04-01,Open
CO-00415,CUST-031,FG-003,20,2026-02-27,2026-03-28,Open
CO-00416,CUST-007,FG-010,30,2026-07-12,2026-07-20,Open
CO-00417,CUST-037,FG-007,5,2026-03-11,2026-03-19,Delayed
CO-00418,CUST-022,FG-006,50,2026-06-07,2026-06-27,Delayed
CO-00419,CUST-008,FG-014,50,2026-07-30,2026-08-29,Open
CO-00420,CUST-039,FG-015,5,2026-04-17,2026-05-14,Fulfilled
CO-00421,CUST-020,FG-009,5,2026-07-07,2026-07-31,Open
CO-00422,CUST-021,FG-009,30,2026-08-01,2026-08-12,Fulfilled
CO-00423,CUST-047,FG-007,20,2026-03-18,2026-04-13,Open
CO-00424,CUST-006,FG-004,20,2026-07-14,2026-08-02,Fulfilled
CO-00425,CUST-022,FG-002,20,2026-05-03,2026-06-02,Fulfilled
CO-00426,CUST-026,FG-005,5,2026-06-16,2026-07-09,Fulfilled
CO-00427,CUST-045,FG-003,50,2026-08-23,2026-09-14,Open
CO-00428,CUST-032,FG-007,30,2026-05-03,2026-05-16,Open
CO-00429,CUST-048,FG-009,10,2026-07-26,2026-08-04,Fulfilled
CO-00430,CUST-028,FG-006,30,2026-02-02,2026-02-27,Fulfilled
CO-00431,CUST-043,FG-007,20,2026-06-25,2026-07-13,Fulfilled
CO-00432,CUST-023,FG-010,30,2026-09-20,2026-10-06,Fulfilled
CO-00433,CUST-023,FG-010,50,2026-03-05,2026-03-26,Open
CO-00434,CUST-029,FG-001,50,2026-07-29,2026-08-11,Open
CO-00435,CUST-010,FG-013,30,2026-02-20,2026-03-01,Fulfilled
CO-00436,CUST-004,FG-004,25,2026-02-01,2026-02-12,At Risk
CO-00437,CUST-019,FG-001,15,2026-04-02,2026-04-12,Fulfilled
CO-00438,CUST-031,FG-001,15,2026-08-04,2026-09-03,Fulfilled
CO-00439,CUST-014,FG-009,25,2026-03-18,2026-04-02,Fulfilled
CO-00440,CUST-040,FG-012,10,2026-04-02,2026-05-01,Open
CO-00441,CUST-025,FG-010,30,2026-05-15,2026-05-23,Fulfilled
CO-00442,CUST-004,FG-005,10,2026-03-08,2026-04-06,Open
CO-00443,CUST-004,FG-008,30,2026-01-28,2026-02-04,Fulfilled
CO-00444,CUST-043,FG-005,30,2026-02-20,2026-03-20,Fulfilled
CO-00445,CUST-007,FG-001,15,2026-02-16,2026-03-15,Fulfilled
CO-00446,CUST-025,FG-009,30,2026-09-01,2026-09-18,Fulfilled
CO-00447,CUST-039,FG-009,5,2026-08-10,2026-08-23,Fulfilled
CO-00448,CUST-030,FG-009,30,2026-09-21,2026-09-29,Fulfilled
CO-00449,CUST-034,FG-005,15,2026-05-24,2026-06-12,Open
CO-00450,CUST-002,FG-006,30,2026-06-28,2026-07-16,Open
CO-00451,CUST-001,FG-010,250,2026-09-24,2026-10-02,At Risk
CO-00452,CUST-002,FG-010,150,2026-09-24,2026-10-03,At Risk
CO-00453,CUST-003,FG-013,100,2026-09-24,2026-10-04,At Risk
