event_id,event_type,supplier_id,component_id,affected_qty,delay_days,event_date,status,description
EVT-0001,Port/Logistics Disruption,,,50,0,2026-04-04,Resolved,Port/Logistics Disruption affecting multiple components from various sources.
EVT-0002,Production Capacity Reduction,,CMP-010,150,0,2026-02-26,Resolved,Production Capacity Reduction affecting CMP-010 from various sources.
EVT-0003,Port/Logistics Disruption,,CMP-030,400,0,2026-08-30,Resolved,Port/Logistics Disruption affecting CMP-030 from various sources.
EVT-0004,Transportation Failure,,CMP-021,50,0,2026-05-20,Resolved,Transportation Failure affecting CMP-021 from various sources.
EVT-0005,Supplier Shutdown,SUP-006,CMP-025,400,14,2026-04-16,Resolved,Supplier Shutdown affecting CMP-025 from SUP-006.
EVT-0006,Port/Logistics Disruption,,CMP-001,200,0,2026-07-29,Resolved,Port/Logistics Disruption affecting CMP-001 from various sources.
EVT-0007,Warehouse Disruption,,,150,0,2026-08-20,Resolved,Warehouse Disruption affecting multiple components from various sources.
EVT-0008,Transportation Failure,,,50,0,2026-08-12,Resolved,Transportation Failure affecting multiple components from various sources.
EVT-0009,Production Capacity Reduction,,,300,0,2026-08-22,Resolved,Production Capacity Reduction affecting multiple components from various sources.
EVT-0010,Transportation Failure,,CMP-013,100,0,2026-09-01,Resolved,Transportation Failure affecting CMP-013 from various sources.
EVT-0011,Transportation Failure,,CMP-005,400,0,2026-07-29,Resolved,Transportation Failure affecting CMP-005 from various sources.
EVT-0012,Inventory Shortage,,CMP-025,150,0,2026-05-21,Resolved,Inventory Shortage affecting CMP-025 from various sources.
EVT-0013,Supplier Shutdown,SUP-005,CMP-007,300,5,2026-09-12,Resolved,Supplier Shutdown affecting CMP-007 from SUP-005.
EVT-0014,Production Capacity Reduction,,,50,0,2026-04-26,Resolved,Production Capacity Reduction affecting multiple components from various sources.
EVT-0015,Production Capacity Reduction,,CMP-019,200,0,2026-03-28,Resolved,Production Capacity Reduction affecting CMP-019 from various sources.
EVT-0016,Production Capacity Reduction,,CMP-020,100,0,2026-09-11,Resolved,Production Capacity Reduction affecting CMP-020 from various sources.
EVT-0017,Inventory Shortage,,,100,0,2026-04-23,Resolved,Inventory Shortage affecting multiple components from various sources.
EVT-0018,Transportation Failure,,CMP-012,100,0,2026-09-03,Resolved,Transportation Failure affecting CMP-012 from various sources.
EVT-0019,Inventory Shortage,,CMP-003,50,0,2026-08-31,Resolved,Inventory Shortage affecting CMP-003 from various sources.
EVT-0020,Transportation Failure,,CMP-010,400,0,2026-04-09,Resolved,Transportation Failure affecting CMP-010 from various sources.
EVT-0021,Transportation Failure,,,300,0,2026-03-05,Resolved,Transportation Failure affecting multiple components from various sources.
EVT-0022,Supplier Delay,SUP-003,CMP-025,150,6,2026-06-28,Resolved,Supplier Delay affecting CMP-025 from SUP-003.
EVT-0023,Supplier Shutdown,SUP-014,CMP-027,50,5,2026-04-25,Resolved,Supplier Shutdown affecting CMP-027 from SUP-014.
EVT-0024,Supplier Shutdown,SUP-009,CMP-011,200,14,2026-05-01,Resolved,Supplier Shutdown affecting CMP-011 from SUP-009.
EVT-0025,Warehouse Disruption,,,300,0,2026-08-16,Resolved,Warehouse Disruption affecting multiple components from various sources.
EVT-0026,Supplier Shutdown,SUP-016,CMP-024,300,5,2026-03-20,Resolved,Supplier Shutdown affecting CMP-024 from SUP-016.
EVT-0027,Demand Spike,,CMP-019,150,0,2026-04-06,Resolved,Demand Spike affecting CMP-019 from various sources.
EVT-0028,Production Capacity Reduction,,,200,0,2026-04-04,Resolved,Production Capacity Reduction affecting multiple components from various sources.
EVT-0029,Transportation Failure,,,400,0,2026-07-15,Resolved,Transportation Failure affecting multiple components from various sources.
EVT-0030,Warehouse Disruption,,CMP-001,400,0,2026-05-16,Resolved,Warehouse Disruption affecting CMP-001 from various sources.
EVT-0031,Warehouse Disruption,,,200,0,2026-05-29,Resolved,Warehouse Disruption affecting multiple components from various sources.
EVT-0032,Demand Spike,,,100,0,2026-04-02,Resolved,Demand Spike affecting multiple components from various sources.
EVT-0033,Warehouse Disruption,,,50,0,2026-07-09,Resolved,Warehouse Disruption affecting multiple components from various sources.
EVT-0034,Demand Spike,,,400,0,2026-08-14,Resolved,Demand Spike affecting multiple components from various sources.
EVT-0035,Port/Logistics Disruption,,,50,0,2026-04-08,Resolved,Port/Logistics Disruption affecting multiple components from various sources.
EVT-0036,Warehouse Disruption,,CMP-011,400,0,2026-01-19,Resolved,Warehouse Disruption affecting CMP-011 from various sources.
EVT-0037,Production Capacity Reduction,,,100,0,2026-03-31,Resolved,Production Capacity Reduction affecting multiple components from various sources.
EVT-0038,Production Capacity Reduction,,,150,0,2026-04-28,Resolved,Production Capacity Reduction affecting multiple components from various sources.
EVT-0039,Port/Logistics Disruption,,,300,0,2026-08-29,Resolved,Port/Logistics Disruption affecting multiple components from various sources.
EVT-0040,Demand Spike,,,100,0,2026-09-08,Resolved,Demand Spike affecting multiple components from various sources.
EVT-0041,Demand Spike,,,150,0,2026-01-28,Resolved,Demand Spike affecting multiple components from various sources.
EVT-0042,Transportation Failure,,CMP-001,200,0,2026-06-18,Resolved,Transportation Failure affecting CMP-001 from various sources.
EVT-0043,Transportation Failure,,,100,0,2026-06-05,Resolved,Transportation Failure affecting multiple components from various sources.
EVT-0044,Inventory Shortage,,,400,0,2026-06-24,Resolved,Inventory Shortage affecting multiple components from various sources.
EVT-0045,Port/Logistics Disruption,,CMP-029,150,0,2026-07-14,Resolved,Port/Logistics Disruption affecting CMP-029 from various sources.
EVT-0046,Supplier Delay,SUP-001,CMP-007,500,8,2026-09-27,Active,"Supplier A (Suntech Circuits Pvt Ltd) has notified an 8-day delay on the Control PCB Board Rev A (Component X) shipment, affecting 500 units tied to Production Orders PRO-00201 / PRO-00202 and Customer Orders CO-00451 / CO-00452 / CO-00453."
