inventory_id,component_id,warehouse_location,on_hand_qty,safety_stock_qty,reserved_qty
INV-00001,CMP-001,Pune DC,669,100,92
INV-00002,CMP-001,Chennai DC,92,20,0
INV-00003,CMP-001,Bhiwandi DC,96,23,11
INV-00004,CMP-002,Pune DC,321,63,36
INV-00005,CMP-002,Chennai DC,476,91,2
INV-00006,CMP-002,Bhiwandi DC,692,125,66
INV-00007,CMP-003,Pune DC,359,61,43
INV-00008,CMP-003,Chennai DC,751,120,51
INV-00009,CMP-003,Bhiwandi DC,755,82,49
INV-00010,CMP-004,Pune DC,545,92,27
INV-00011,CMP-004,Chennai DC,197,28,21
INV-00012,CMP-004,Bhiwandi DC,403,99,7
INV-00013,CMP-005,Pune DC,429,76,6
INV-00014,CMP-005,Chennai DC,297,50,11
INV-00015,CMP-005,Bhiwandi DC,303,36,2
INV-00016,CMP-006,Pune DC,443,101,27
INV-00017,CMP-006,Chennai DC,213,47,29
INV-00018,CMP-006,Bhiwandi DC,788,115,90
INV-00019,CMP-007,Pune DC,400,100,0
INV-00020,CMP-007,Chennai DC,365,63,4
INV-00021,CMP-007,Bhiwandi DC,452,79,65
INV-00022,CMP-008,Pune DC,270,50,1
INV-00023,CMP-008,Chennai DC,338,58,44
INV-00024,CMP-008,Bhiwandi DC,719,144,30
INV-00025,CMP-009,Pune DC,58,13,3
INV-00026,CMP-009,Chennai DC,320,66,36
INV-00027,CMP-009,Bhiwandi DC,424,45,3
INV-00028,CMP-010,Pune DC,625,80,51
INV-00029,CMP-010,Chennai DC,125,19,8
INV-00030,CMP-010,Bhiwandi DC,613,87,90
INV-00031,CMP-011,Pune DC,746,142,14
INV-00032,CMP-011,Chennai DC,149,23,17
INV-00033,CMP-011,Bhiwandi DC,397,72,21
INV-00034,CMP-012,Pune DC,197,25,15
INV-00035,CMP-012,Chennai DC,562,59,3
INV-00036,CMP-012,Bhiwandi DC,780,116,55
INV-00037,CMP-013,Pune DC,517,63,69
INV-00038,CMP-013,Chennai DC,193,28,17
INV-00039,CMP-013,Bhiwandi DC,216,34,19
INV-00040,CMP-014,Pune DC,356,67,27
INV-00041,CMP-014,Chennai DC,571,102,60
INV-00042,CMP-014,Bhiwandi DC,356,60,0
INV-00043,CMP-015,Pune DC,389,78,57
INV-00044,CMP-015,Chennai DC,647,94,87
INV-00045,CMP-015,Bhiwandi DC,754,146,67
INV-00046,CMP-016,Pune DC,321,78,37
INV-00047,CMP-016,Chennai DC,642,119,69
INV-00048,CMP-016,Bhiwandi DC,647,111,50
INV-00049,CMP-017,Pune DC,788,152,99
INV-00050,CMP-017,Chennai DC,201,44,7
INV-00051,CMP-017,Bhiwandi DC,636,154,10
INV-00052,CMP-018,Pune DC,69,11,4
INV-00053,CMP-018,Chennai DC,472,96,29
INV-00054,CMP-018,Bhiwandi DC,676,160,88
INV-00055,CMP-019,Pune DC,794,86,16
INV-00056,CMP-019,Chennai DC,262,48,39
INV-00057,CMP-019,Bhiwandi DC,539,96,25
INV-00058,CMP-020,Pune DC,227,38,18
INV-00059,CMP-020,Chennai DC,609,93,70
INV-00060,CMP-020,Bhiwandi DC,788,159,94
INV-00061,CMP-021,Pune DC,320,61,9
INV-00062,CMP-021,Chennai DC,302,42,13
INV-00063,CMP-021,Bhiwandi DC,354,76,37
INV-00064,CMP-022,Pune DC,756,155,35
INV-00065,CMP-022,Chennai DC,407,74,57
INV-00066,CMP-022,Bhiwandi DC,788,111,14
INV-00067,CMP-023,Pune DC,742,134,99
INV-00068,CMP-023,Chennai DC,454,101,65
INV-00069,CMP-023,Bhiwandi DC,199,28,8
INV-00070,CMP-024,Pune DC,781,87,108
INV-00071,CMP-024,Chennai DC,721,99,51
INV-00072,CMP-024,Bhiwandi DC,256,57,10
INV-00073,CMP-025,Pune DC,625,127,12
INV-00074,CMP-025,Chennai DC,680,143,24
INV-00075,CMP-025,Bhiwandi DC,101,20,8
INV-00076,CMP-026,Pune DC,703,94,10
INV-00077,CMP-026,Chennai DC,388,80,5
INV-00078,CMP-026,Bhiwandi DC,190,19,15
INV-00079,CMP-027,Pune DC,211,33,29
INV-00080,CMP-027,Chennai DC,537,92,16
INV-00081,CMP-027,Bhiwandi DC,344,50,33
INV-00082,CMP-028,Pune DC,141,27,4
INV-00083,CMP-028,Chennai DC,790,179,4
INV-00084,CMP-028,Bhiwandi DC,229,37,28
INV-00085,CMP-029,Pune DC,87,21,5
INV-00086,CMP-029,Chennai DC,557,71,62
INV-00087,CMP-029,Bhiwandi DC,346,80,0
INV-00088,CMP-030,Pune DC,631,120,87
INV-00089,CMP-030,Chennai DC,393,56,58
INV-00090,CMP-030,Bhiwandi DC,606,108,80
INV-00091,FG-001,Pune DC,187,42,13
INV-00092,FG-001,Chennai DC,247,54,12
INV-00093,FG-001,Bhiwandi DC,798,134,30
INV-00094,FG-002,Pune DC,240,24,12
INV-00095,FG-002,Chennai DC,352,65,39
INV-00096,FG-002,Bhiwandi DC,229,43,21
INV-00097,FG-003,Pune DC,465,104,35
INV-00098,FG-003,Chennai DC,138,22,1
INV-00099,FG-003,Bhiwandi DC,193,33,27
INV-00100,FG-004,Pune DC,56,7,1
INV-00101,FG-004,Chennai DC,323,78,14
INV-00102,FG-004,Bhiwandi DC,790,146,30
INV-00103,FG-005,Pune DC,418,85,3
INV-00104,FG-005,Chennai DC,171,29,4
INV-00105,FG-005,Bhiwandi DC,752,131,100
INV-00106,FG-006,Pune DC,770,165,79
INV-00107,FG-006,Chennai DC,704,167,31
INV-00108,FG-006,Bhiwandi DC,679,90,97
INV-00109,FG-007,Pune DC,539,66,60
INV-00110,FG-007,Chennai DC,670,104,70
INV-00111,FG-007,Bhiwandi DC,532,113,63
INV-00112,FG-008,Pune DC,273,58,27
INV-00113,FG-008,Chennai DC,660,152,8
INV-00114,FG-008,Bhiwandi DC,507,90,27
INV-00115,FG-009,Pune DC,627,73,77
INV-00116,FG-009,Chennai DC,567,73,45
INV-00117,FG-009,Bhiwandi DC,218,32,17
INV-00118,FG-010,Pune DC,169,34,18
INV-00119,FG-010,Chennai DC,550,62,42
INV-00120,FG-010,Bhiwandi DC,106,17,8
INV-00121,FG-011,Pune DC,517,95,43
INV-00122,FG-011,Chennai DC,738,163,80
INV-00123,FG-011,Bhiwandi DC,455,62,0
INV-00124,FG-012,Pune DC,273,50,1
INV-00125,FG-012,Chennai DC,402,82,32
INV-00126,FG-012,Bhiwandi DC,111,26,1
INV-00127,FG-013,Pune DC,533,55,32
INV-00128,FG-013,Chennai DC,188,40,27
INV-00129,FG-013,Bhiwandi DC,711,173,39
INV-00130,FG-014,Pune DC,441,73,60
INV-00131,FG-014,Chennai DC,436,68,44
INV-00132,FG-014,Bhiwandi DC,727,168,14
INV-00133,FG-015,Pune DC,406,47,60
INV-00134,FG-015,Chennai DC,452,81,49
INV-00135,FG-015,Bhiwandi DC,278,62,31
