production_order_id,product_id,qty_planned,scheduled_start_date,scheduled_completion_date,status
PRO-00001,FG-005,50,2026-05-08,2026-05-30,In Progress
PRO-00002,FG-007,20,2026-08-25,2026-09-13,Scheduled
PRO-00003,FG-005,20,2026-03-17,2026-03-25,Scheduled
PRO-00004,FG-011,50,2026-05-23,2026-05-28,Scheduled
PRO-00005,FG-002,10,2026-05-28,2026-06-03,In Progress
PRO-00006,FG-011,100,2026-03-18,2026-03-24,Scheduled
PRO-00007,FG-001,50,2026-07-07,2026-07-19,In Progress
PRO-00008,FG-013,10,2026-09-22,2026-10-13,At Risk
PRO-00009,FG-004,100,2026-06-02,2026-06-17,Completed
PRO-00010,FG-013,100,2026-04-01,2026-04-16,Scheduled
PRO-00011,FG-015,20,2026-05-11,2026-06-01,Scheduled
PRO-00012,FG-005,25,2026-10-12,2026-11-03,At Risk
PRO-00013,FG-015,100,2026-09-13,2026-10-08,Completed
PRO-00014,FG-009,50,2026-10-15,2026-10-31,At Risk
PRO-00015,FG-011,50,2026-04-09,2026-04-30,Scheduled
PRO-00016,FG-007,50,2026-09-19,2026-10-03,In Progress
PRO-00017,FG-013,75,2026-06-28,2026-07-10,Completed
PRO-00018,FG-005,100,2026-09-21,2026-10-10,At Risk
PRO-00019,FG-009,50,2026-07-13,2026-08-04,In Progress
PRO-00020,FG-007,20,2026-08-23,2026-09-03,Scheduled
PRO-00021,FG-002,50,2026-03-25,2026-04-10,Scheduled
PRO-00022,FG-012,20,2026-10-14,2026-10-27,In Progress
PRO-00023,FG-010,75,2026-10-17,2026-10-24,Scheduled
PRO-00024,FG-013,75,2026-04-25,2026-05-17,Scheduled
PRO-00025,FG-004,25,2026-08-11,2026-08-16,Scheduled
PRO-00026,FG-004,100,2026-09-27,2026-10-17,At Risk
PRO-00027,FG-012,75,2026-04-30,2026-05-11,In Progress
PRO-00028,FG-004,75,2026-08-06,2026-08-20,In Progress
PRO-00029,FG-009,100,2026-07-28,2026-08-11,Scheduled
PRO-00030,FG-009,50,2026-06-30,2026-07-08,Completed
PRO-00031,FG-012,50,2026-04-16,2026-05-01,At Risk
PRO-00032,FG-006,25,2026-07-14,2026-07-20,Completed
PRO-00033,FG-004,100,2026-09-20,2026-09-25,Scheduled
PRO-00034,FG-015,75,2026-06-01,2026-06-19,Scheduled
PRO-00035,FG-004,25,2026-08-30,2026-09-16,Completed
PRO-00036,FG-004,50,2026-06-09,2026-07-04,At Risk
PRO-00037,FG-006,25,2026-04-15,2026-05-05,At Risk
PRO-00038,FG-011,100,2026-06-24,2026-07-13,Scheduled
PRO-00039,FG-013,25,2026-09-14,2026-09-23,Completed
PRO-00040,FG-008,20,2026-03-14,2026-04-05,At Risk
PRO-00041,FG-001,75,2026-10-19,2026-10-26,At Risk
PRO-00042,FG-011,10,2026-04-15,2026-04-20,In Progress
PRO-00043,FG-014,100,2026-08-29,2026-09-05,Completed
PRO-00044,FG-001,20,2026-06-20,2026-07-09,In Progress
PRO-00045,FG-010,100,2026-05-10,2026-06-03,At Risk
PRO-00046,FG-011,50,2026-10-23,2026-10-28,In Progress
PRO-00047,FG-007,10,2026-10-23,2026-11-13,Completed
PRO-00048,FG-009,25,2026-10-23,2026-11-13,Completed
PRO-00049,FG-011,50,2026-04-04,2026-04-14,Scheduled
PRO-00050,FG-002,75,2026-09-19,2026-10-01,Scheduled
PRO-00051,FG-009,25,2026-04-02,2026-04-18,Scheduled
PRO-00052,FG-007,10,2026-07-24,2026-08-10,In Progress
PRO-00053,FG-004,100,2026-08-31,2026-09-14,Completed
PRO-00054,FG-014,10,2026-05-13,2026-06-07,Completed
PRO-00055,FG-002,50,2026-07-22,2026-08-08,Completed
PRO-00056,FG-001,100,2026-10-25,2026-11-04,Scheduled
PRO-00057,FG-014,50,2026-05-15,2026-05-30,Completed
PRO-00058,FG-014,10,2026-03-12,2026-04-02,At Risk
PRO-00059,FG-004,20,2026-03-11,2026-04-03,In Progress
PRO-00060,FG-001,10,2026-05-05,2026-05-18,Completed
PRO-00061,FG-010,100,2026-10-19,2026-10-29,At Risk
PRO-00062,FG-006,10,2026-09-04,2026-09-27,Scheduled
PRO-00063,FG-014,100,2026-03-31,2026-04-17,At Risk
PRO-00064,FG-005,20,2026-06-05,2026-06-17,Completed
PRO-00065,FG-014,50,2026-05-07,2026-05-29,Scheduled
PRO-00066,FG-013,100,2026-09-22,2026-09-29,In Progress
PRO-00067,FG-006,10,2026-10-02,2026-10-20,Scheduled
PRO-00068,FG-002,25,2026-05-26,2026-06-19,At Risk
PRO-00069,FG-007,25,2026-10-20,2026-11-14,Scheduled
PRO-00070,FG-008,50,2026-08-30,2026-09-15,Completed
PRO-00071,FG-007,50,2026-09-10,2026-10-03,Completed
PRO-00072,FG-002,75,2026-08-13,2026-08-25,Completed
PRO-00073,FG-002,25,2026-09-18,2026-10-05,Completed
PRO-00074,FG-011,20,2026-04-21,2026-05-08,Scheduled
PRO-00075,FG-002,10,2026-10-26,2026-11-09,In Progress
PRO-00076,FG-013,25,2026-10-01,2026-10-10,Scheduled
PRO-00077,FG-007,50,2026-06-07,2026-06-29,In Progress
PRO-00078,FG-002,10,2026-10-05,2026-10-21,Completed
PRO-00079,FG-010,75,2026-04-10,2026-04-25,Completed
PRO-00080,FG-001,25,2026-07-14,2026-07-31,Completed
PRO-00081,FG-012,75,2026-08-26,2026-09-18,In Progress
PRO-00082,FG-011,50,2026-09-14,2026-09-23,Scheduled
PRO-00083,FG-005,50,2026-09-20,2026-09-27,Scheduled
PRO-00084,FG-005,50,2026-08-12,2026-09-01,Completed
PRO-00085,FG-006,25,2026-08-25,2026-09-19,In Progress
PRO-00086,FG-010,20,2026-07-02,2026-07-10,Scheduled
PRO-00087,FG-001,50,2026-08-03,2026-08-27,In Progress
PRO-00088,FG-014,25,2026-07-07,2026-07-22,In Progress
PRO-00089,FG-014,100,2026-05-28,2026-06-06,Scheduled
PRO-00090,FG-010,100,2026-09-06,2026-09-26,Scheduled
PRO-00091,FG-007,25,2026-08-14,2026-09-08,In Progress
PRO-00092,FG-010,20,2026-08-05,2026-08-22,Scheduled
PRO-00093,FG-013,50,2026-07-26,2026-08-03,At Risk
PRO-00094,FG-004,75,2026-06-10,2026-06-20,Completed
PRO-00095,FG-009,10,2026-04-24,2026-05-13,At Risk
PRO-00096,FG-004,50,2026-04-06,2026-04-20,Completed
PRO-00097,FG-002,50,2026-05-08,2026-05-28,Scheduled
PRO-00098,FG-005,20,2026-08-24,2026-09-02,Completed
PRO-00099,FG-013,50,2026-10-09,2026-10-28,At Risk
PRO-00100,FG-008,75,2026-07-17,2026-08-08,In Progress
PRO-00101,FG-015,100,2026-07-12,2026-08-03,Scheduled
PRO-00102,FG-006,100,2026-03-12,2026-04-03,Completed
PRO-00103,FG-015,10,2026-09-30,2026-10-12,Completed
PRO-00104,FG-006,20,2026-05-15,2026-06-08,Scheduled
PRO-00105,FG-011,100,2026-05-15,2026-06-01,At Risk
PRO-00106,FG-006,50,2026-09-30,2026-10-05,Scheduled
PRO-00107,FG-004,75,2026-04-19,2026-05-10,Completed
PRO-00108,FG-012,75,2026-09-01,2026-09-20,In Progress
PRO-00109,FG-008,100,2026-05-30,2026-06-20,Scheduled
PRO-00110,FG-001,50,2026-10-01,2026-10-15,In Progress
PRO-00111,FG-002,10,2026-03-29,2026-04-07,Scheduled
PRO-00112,FG-006,50,2026-04-10,2026-04-21,In Progress
PRO-00113,FG-006,50,2026-10-03,2026-10-22,Completed
PRO-00114,FG-008,25,2026-10-10,2026-10-24,Scheduled
PRO-00115,FG-012,10,2026-10-22,2026-11-06,Completed
PRO-00116,FG-011,20,2026-04-21,2026-05-03,In Progress
PRO-00117,FG-009,20,2026-08-04,2026-08-26,In Progress
PRO-00118,FG-008,20,2026-04-06,2026-04-23,Completed
PRO-00119,FG-003,100,2026-05-12,2026-05-30,In Progress
PRO-00120,FG-012,75,2026-03-15,2026-03-26,In Progress
PRO-00121,FG-007,50,2026-10-26,2026-11-06,Scheduled
PRO-00122,FG-013,100,2026-04-03,2026-04-10,Completed
PRO-00123,FG-013,75,2026-09-10,2026-09-26,Scheduled
PRO-00124,FG-008,10,2026-08-21,2026-09-10,In Progress
PRO-00125,FG-011,25,2026-05-28,2026-06-14,Completed
PRO-00126,FG-010,10,2026-07-30,2026-08-15,Completed
PRO-00127,FG-010,20,2026-04-02,2026-04-16,At Risk
PRO-00128,FG-010,10,2026-05-08,2026-05-17,Scheduled
PRO-00129,FG-004,25,2026-09-28,2026-10-08,In Progress
PRO-00130,FG-003,75,2026-07-20,2026-08-07,Completed
PRO-00131,FG-010,50,2026-07-11,2026-07-21,In Progress
PRO-00132,FG-009,100,2026-05-15,2026-05-25,Completed
PRO-00133,FG-008,25,2026-09-22,2026-10-02,Scheduled
PRO-00134,FG-008,75,2026-10-14,2026-10-30,At Risk
PRO-00135,FG-008,20,2026-09-08,2026-09-25,At Risk
PRO-00136,FG-009,100,2026-06-23,2026-07-11,Completed
PRO-00137,FG-007,100,2026-03-26,2026-04-14,In Progress
PRO-00138,FG-002,75,2026-10-20,2026-11-01,Scheduled
PRO-00139,FG-005,20,2026-06-12,2026-06-26,Scheduled
PRO-00140,FG-008,75,2026-04-20,2026-05-10,In Progress
PRO-00141,FG-002,75,2026-09-28,2026-10-11,Completed
PRO-00142,FG-014,25,2026-06-11,2026-06-17,Completed
PRO-00143,FG-008,75,2026-09-02,2026-09-20,Scheduled
PRO-00144,FG-014,100,2026-04-18,2026-04-30,Scheduled
PRO-00145,FG-001,50,2026-08-21,2026-09-06,Completed
PRO-00146,FG-002,50,2026-03-20,2026-03-28,Completed
PRO-00147,FG-004,20,2026-04-03,2026-04-26,Completed
PRO-00148,FG-014,100,2026-05-24,2026-06-18,In Progress
PRO-00149,FG-010,20,2026-04-10,2026-04-21,Completed
PRO-00150,FG-013,10,2026-06-04,2026-06-20,In Progress
PRO-00151,FG-010,75,2026-09-14,2026-09-29,At Risk
PRO-00152,FG-005,25,2026-06-03,2026-06-16,At Risk
PRO-00153,FG-009,100,2026-04-02,2026-04-10,Scheduled
PRO-00154,FG-013,50,2026-10-12,2026-10-25,Completed
PRO-00155,FG-003,100,2026-03-20,2026-03-29,Scheduled
PRO-00156,FG-012,25,2026-03-29,2026-04-10,Completed
PRO-00157,FG-011,50,2026-06-24,2026-07-03,Completed
PRO-00158,FG-005,100,2026-07-13,2026-07-30,In Progress
PRO-00159,FG-011,10,2026-07-16,2026-08-06,Completed
PRO-00160,FG-012,25,2026-07-03,2026-07-23,Scheduled
PRO-00161,FG-001,100,2026-10-04,2026-10-23,Completed
PRO-00162,FG-012,25,2026-03-24,2026-03-31,Completed
PRO-00163,FG-007,20,2026-07-10,2026-07-21,In Progress
PRO-00164,FG-006,25,2026-08-02,2026-08-24,Completed
PRO-00165,FG-010,50,2026-04-09,2026-04-24,Completed
PRO-00166,FG-013,10,2026-10-16,2026-10-24,Completed
PRO-00167,FG-014,50,2026-10-23,2026-10-31,At Risk
PRO-00168,FG-003,50,2026-07-03,2026-07-08,At Risk
PRO-00169,FG-007,20,2026-05-04,2026-05-13,Completed
PRO-00170,FG-005,20,2026-03-18,2026-03-31,Scheduled
PRO-00171,FG-006,25,2026-10-06,2026-10-22,Completed
PRO-00172,FG-011,20,2026-10-14,2026-10-31,Completed
PRO-00173,FG-012,100,2026-04-17,2026-04-29,In Progress
PRO-00174,FG-002,100,2026-10-03,2026-10-08,Scheduled
PRO-00175,FG-002,20,2026-05-29,2026-06-10,In Progress
PRO-00176,FG-008,10,2026-10-25,2026-11-09,Completed
PRO-00177,FG-014,50,2026-05-03,2026-05-12,In Progress
PRO-00178,FG-004,50,2026-10-05,2026-10-13,Scheduled
PRO-00179,FG-006,25,2026-09-22,2026-10-09,Completed
PRO-00180,FG-013,20,2026-05-16,2026-05-25,Scheduled
PRO-00181,FG-010,10,2026-05-24,2026-06-18,Scheduled
PRO-00182,FG-006,100,2026-09-03,2026-09-28,Completed
PRO-00183,FG-015,50,2026-05-23,2026-06-11,Completed
PRO-00184,FG-002,10,2026-09-22,2026-09-30,Completed
PRO-00185,FG-007,25,2026-07-10,2026-07-25,Completed
PRO-00186,FG-004,25,2026-05-15,2026-05-22,Scheduled
PRO-00187,FG-010,75,2026-04-26,2026-05-20,Scheduled
PRO-00188,FG-012,10,2026-03-24,2026-04-07,Scheduled
PRO-00189,FG-010,75,2026-09-09,2026-09-26,Scheduled
PRO-00190,FG-001,20,2026-06-23,2026-07-10,Scheduled
PRO-00191,FG-008,100,2026-05-28,2026-06-04,In Progress
PRO-00192,FG-001,25,2026-08-07,2026-08-16,In Progress
PRO-00193,FG-014,75,2026-07-12,2026-07-28,In Progress
PRO-00194,FG-003,50,2026-04-13,2026-04-20,Scheduled
PRO-00195,FG-002,10,2026-08-21,2026-09-01,Scheduled
PRO-00196,FG-001,50,2026-06-20,2026-07-04,Completed
PRO-00197,FG-009,50,2026-07-11,2026-07-28,Scheduled
PRO-00198,FG-009,75,2026-05-23,2026-06-01,Scheduled
PRO-00199,FG-005,10,2026-06-19,2026-06-30,At Risk
PRO-00200,FG-003,75,2026-08-05,2026-08-22,Completed
PRO-00201,FG-010,60,2026-09-26,2026-10-06,At Risk
PRO-00202,FG-013,40,2026-09-26,2026-10-06,At Risk
