po_id,supplier_id,component_id,qty_ordered,order_date,expected_delivery_date,status
PO-00001,SUP-018,CMP-019,100,2026-05-28,2026-06-04,Received
PO-00002,SUP-008,CMP-002,50,2026-09-01,2026-09-19,Open
PO-00003,SUP-009,CMP-008,300,2026-01-12,2026-01-24,Received
PO-00004,SUP-019,CMP-030,250,2026-01-18,2026-02-05,Received
PO-00005,SUP-007,CMP-014,50,2026-07-30,2026-08-04,Received
PO-00006,SUP-015,CMP-014,500,2026-08-21,2026-09-08,Received
PO-00007,SUP-002,CMP-004,200,2026-03-28,2026-04-07,Open
PO-00008,SUP-001,CMP-007,100,2025-12-17,2025-12-22,Received
PO-00009,SUP-015,CMP-009,100,2026-08-10,2026-08-28,Received
PO-00010,SUP-004,CMP-018,50,2025-12-15,2025-12-22,Open
PO-00011,SUP-008,CMP-030,100,2026-02-21,2026-03-11,Received
PO-00012,SUP-002,CMP-013,100,2026-03-07,2026-03-17,Received
PO-00013,SUP-015,CMP-030,150,2026-02-13,2026-03-03,Received
PO-00014,SUP-018,CMP-026,300,2026-01-11,2026-01-18,Received
PO-00015,SUP-019,CMP-002,300,2025-12-14,2026-01-01,Received
PO-00016,SUP-019,CMP-002,200,2026-01-03,2026-01-21,Delayed
PO-00017,SUP-003,CMP-017,500,2026-06-14,2026-06-21,Received
PO-00018,SUP-008,CMP-028,200,2026-07-18,2026-08-05,Delayed
PO-00019,SUP-002,CMP-020,250,2026-08-07,2026-08-17,Received
PO-00020,SUP-011,CMP-017,150,2026-06-05,2026-06-13,Received
PO-00021,SUP-013,CMP-009,100,2026-04-17,2026-04-27,Received
PO-00022,SUP-003,CMP-030,50,2026-01-26,2026-02-02,Received
PO-00023,SUP-003,CMP-004,250,2026-05-31,2026-06-07,Received
PO-00024,SUP-003,CMP-012,100,2026-03-12,2026-03-19,Received
PO-00025,SUP-010,CMP-018,250,2025-12-21,2025-12-26,Received
PO-00026,SUP-004,CMP-010,100,2026-05-05,2026-05-12,Received
PO-00027,SUP-005,CMP-018,150,2026-04-26,2026-05-01,Received
PO-00028,SUP-001,CMP-007,300,2026-05-05,2026-05-10,Received
PO-00029,SUP-002,CMP-030,50,2026-02-13,2026-02-23,Open
PO-00030,SUP-005,CMP-011,300,2026-05-06,2026-05-11,Received
PO-00031,SUP-014,CMP-023,250,2026-09-13,2026-09-27,Received
PO-00032,SUP-005,CMP-023,250,2026-08-30,2026-09-04,Open
PO-00033,SUP-014,CMP-005,100,2026-08-27,2026-09-10,Received
PO-00034,SUP-002,CMP-026,150,2026-06-02,2026-06-12,Received
PO-00035,SUP-018,CMP-012,500,2026-02-21,2026-02-28,Delayed
PO-00036,SUP-006,CMP-028,500,2026-06-19,2026-06-29,Open
PO-00037,SUP-011,CMP-024,500,2026-02-19,2026-02-27,Open
PO-00038,SUP-008,CMP-026,150,2026-06-28,2026-07-16,Open
PO-00039,SUP-002,CMP-028,500,2026-01-20,2026-01-30,Received
PO-00040,SUP-012,CMP-015,150,2026-05-24,2026-06-07,Received
PO-00041,SUP-011,CMP-013,150,2026-08-13,2026-08-21,Delayed
PO-00042,SUP-018,CMP-013,150,2026-09-03,2026-09-10,Received
PO-00043,SUP-019,CMP-006,150,2026-08-29,2026-09-16,Received
PO-00044,SUP-011,CMP-024,200,2025-12-30,2026-01-07,Received
PO-00045,SUP-001,CMP-007,150,2026-08-26,2026-08-31,Open
PO-00046,SUP-018,CMP-030,300,2026-06-09,2026-06-16,Received
PO-00047,SUP-011,CMP-022,250,2026-04-10,2026-04-18,Received
PO-00048,SUP-010,CMP-029,250,2026-04-12,2026-04-17,Received
PO-00049,SUP-010,CMP-023,250,2026-07-14,2026-07-19,Received
PO-00050,SUP-006,CMP-013,250,2026-04-16,2026-04-26,Received
PO-00051,SUP-010,CMP-010,100,2026-02-09,2026-02-14,Open
PO-00052,SUP-015,CMP-011,200,2026-02-03,2026-02-21,Received
PO-00053,SUP-006,CMP-026,300,2026-08-05,2026-08-15,Received
PO-00054,SUP-011,CMP-020,50,2026-05-20,2026-05-28,Received
PO-00055,SUP-001,CMP-007,100,2026-09-05,2026-09-10,Received
PO-00056,SUP-003,CMP-020,200,2026-02-17,2026-02-24,Open
PO-00057,SUP-013,CMP-023,200,2026-02-25,2026-03-07,Received
PO-00058,SUP-004,CMP-001,500,2026-02-12,2026-02-19,Received
PO-00059,SUP-017,CMP-023,200,2026-08-23,2026-08-28,Received
PO-00060,SUP-015,CMP-004,100,2026-01-23,2026-02-10,Received
PO-00061,SUP-011,CMP-020,500,2026-02-03,2026-02-11,Received
PO-00062,SUP-014,CMP-017,500,2025-12-11,2025-12-25,Received
PO-00063,SUP-016,CMP-028,200,2026-05-08,2026-05-22,Open
PO-00064,SUP-017,CMP-009,200,2026-05-18,2026-05-23,Received
PO-00065,SUP-008,CMP-010,150,2026-03-30,2026-04-17,Received
PO-00066,SUP-005,CMP-005,100,2026-03-05,2026-03-10,Received
PO-00067,SUP-014,CMP-003,200,2026-04-01,2026-04-15,Received
PO-00068,SUP-001,CMP-007,500,2026-02-14,2026-02-19,Received
PO-00069,SUP-001,CMP-023,500,2026-03-07,2026-03-12,Received
PO-00070,SUP-013,CMP-010,500,2026-02-15,2026-02-25,Received
PO-00071,SUP-020,CMP-026,100,2026-01-11,2026-01-23,Received
PO-00072,SUP-013,CMP-001,150,2026-02-22,2026-03-04,Open
PO-00073,SUP-005,CMP-030,250,2025-12-18,2025-12-23,Received
PO-00074,SUP-001,CMP-019,50,2026-02-10,2026-02-15,Received
PO-00075,SUP-009,CMP-002,200,2026-04-03,2026-04-15,Received
PO-00076,SUP-013,CMP-025,150,2026-02-14,2026-02-24,Received
PO-00077,SUP-018,CMP-001,50,2026-03-22,2026-03-29,Received
PO-00078,SUP-002,CMP-021,500,2026-09-02,2026-09-12,Delayed
PO-00079,SUP-005,CMP-020,100,2026-07-15,2026-07-20,Received
PO-00080,SUP-001,CMP-007,200,2026-05-09,2026-05-14,Open
PO-00081,SUP-004,CMP-020,500,2026-06-26,2026-07-03,Delayed
PO-00082,SUP-010,CMP-030,250,2026-03-09,2026-03-14,Received
PO-00083,SUP-019,CMP-003,300,2026-05-16,2026-06-03,Received
PO-00084,SUP-020,CMP-028,500,2026-07-18,2026-07-30,Open
PO-00085,SUP-012,CMP-002,250,2026-02-10,2026-02-24,Received
PO-00086,SUP-011,CMP-021,50,2026-02-14,2026-02-22,Open
PO-00087,SUP-015,CMP-012,300,2026-07-01,2026-07-19,Received
PO-00088,SUP-009,CMP-021,250,2025-12-16,2025-12-28,Open
PO-00089,SUP-019,CMP-027,150,2026-04-05,2026-04-23,Open
PO-00090,SUP-009,CMP-003,200,2026-05-16,2026-05-28,Open
PO-00091,SUP-013,CMP-022,150,2026-09-03,2026-09-13,Received
PO-00092,SUP-007,CMP-016,150,2026-05-08,2026-05-13,Received
PO-00093,SUP-009,CMP-023,250,2026-09-12,2026-09-24,Received
PO-00094,SUP-014,CMP-008,200,2025-12-07,2025-12-21,Open
PO-00095,SUP-016,CMP-021,200,2026-09-09,2026-09-23,Received
PO-00096,SUP-008,CMP-023,150,2026-03-13,2026-03-31,Received
PO-00097,SUP-018,CMP-014,150,2026-03-21,2026-03-28,Open
PO-00098,SUP-008,CMP-009,50,2026-06-11,2026-06-29,Received
PO-00099,SUP-006,CMP-025,100,2026-05-30,2026-06-09,Open
PO-00100,SUP-017,CMP-019,250,2026-04-26,2026-05-01,Delayed
PO-00101,SUP-012,CMP-008,100,2026-04-16,2026-04-30,Received
PO-00102,SUP-002,CMP-009,50,2025-12-08,2025-12-18,Received
PO-00103,SUP-016,CMP-021,50,2026-09-11,2026-09-25,Received
PO-00104,SUP-011,CMP-015,100,2026-08-22,2026-08-30,Received
PO-00105,SUP-003,CMP-004,200,2026-01-09,2026-01-16,Received
PO-00106,SUP-005,CMP-002,100,2025-12-03,2025-12-08,Delayed
PO-00107,SUP-018,CMP-004,500,2026-02-16,2026-02-23,Received
PO-00108,SUP-017,CMP-008,200,2026-01-30,2026-02-04,Delayed
PO-00109,SUP-010,CMP-014,250,2026-08-18,2026-08-23,Received
PO-00110,SUP-007,CMP-025,300,2026-06-01,2026-06-06,Received
PO-00111,SUP-006,CMP-008,250,2026-08-10,2026-08-20,Received
PO-00112,SUP-020,CMP-023,200,2026-04-21,2026-05-03,Received
PO-00113,SUP-015,CMP-010,50,2026-05-21,2026-06-08,Delayed
PO-00114,SUP-007,CMP-022,200,2026-07-21,2026-07-26,Received
PO-00115,SUP-009,CMP-030,500,2026-07-07,2026-07-19,Received
PO-00116,SUP-020,CMP-010,300,2026-04-23,2026-05-05,Received
PO-00117,SUP-013,CMP-010,150,2026-01-04,2026-01-14,Received
PO-00118,SUP-002,CMP-020,200,2026-04-05,2026-04-15,Received
PO-00119,SUP-019,CMP-008,250,2026-09-07,2026-09-25,Delayed
PO-00120,SUP-002,CMP-019,500,2026-06-20,2026-06-30,Received
PO-00121,SUP-009,CMP-030,100,2026-02-06,2026-02-18,Received
PO-00122,SUP-016,CMP-003,150,2026-02-20,2026-03-06,Received
PO-00123,SUP-006,CMP-028,150,2026-02-19,2026-03-01,Received
PO-00124,SUP-018,CMP-013,50,2026-01-28,2026-02-04,Received
PO-00125,SUP-013,CMP-004,500,2025-12-28,2026-01-07,Open
PO-00126,SUP-018,CMP-028,200,2026-02-18,2026-02-25,Received
PO-00127,SUP-016,CMP-020,300,2026-02-03,2026-02-17,Open
PO-00128,SUP-005,CMP-018,150,2026-02-05,2026-02-10,Open
PO-00129,SUP-020,CMP-001,500,2026-05-18,2026-05-30,Open
PO-00130,SUP-018,CMP-001,200,2026-08-01,2026-08-08,Received
PO-00131,SUP-015,CMP-004,50,2026-07-01,2026-07-19,Received
PO-00132,SUP-009,CMP-017,200,2026-01-13,2026-01-25,Delayed
PO-00133,SUP-013,CMP-005,100,2025-12-31,2026-01-10,Open
PO-00134,SUP-009,CMP-003,500,2026-02-17,2026-03-01,Received
PO-00135,SUP-001,CMP-009,150,2026-04-18,2026-04-23,Open
PO-00136,SUP-016,CMP-022,500,2026-07-03,2026-07-17,Received
PO-00137,SUP-018,CMP-011,500,2025-12-13,2025-12-20,Received
PO-00138,SUP-007,CMP-028,300,2026-05-18,2026-05-23,Received
PO-00139,SUP-014,CMP-025,50,2026-04-08,2026-04-22,Open
PO-00140,SUP-013,CMP-026,200,2026-07-02,2026-07-12,Received
PO-00141,SUP-019,CMP-017,150,2026-07-28,2026-08-15,Open
PO-00142,SUP-015,CMP-017,50,2026-07-06,2026-07-24,Received
PO-00143,SUP-003,CMP-005,200,2026-05-05,2026-05-12,Received
PO-00144,SUP-003,CMP-021,500,2026-04-02,2026-04-09,Open
PO-00145,SUP-011,CMP-013,300,2026-01-11,2026-01-19,Open
PO-00146,SUP-008,CMP-003,300,2026-04-23,2026-05-11,Delayed
PO-00147,SUP-004,CMP-004,200,2026-06-24,2026-07-01,Received
PO-00148,SUP-011,CMP-002,500,2026-08-20,2026-08-28,Received
PO-00149,SUP-008,CMP-005,250,2026-02-19,2026-03-09,Received
PO-00150,SUP-006,CMP-006,50,2026-03-06,2026-03-16,Received
PO-00151,SUP-019,CMP-030,100,2026-05-22,2026-06-09,Received
PO-00152,SUP-001,CMP-009,500,2026-01-22,2026-01-27,Delayed
PO-00153,SUP-015,CMP-003,150,2026-04-17,2026-05-05,Received
PO-00154,SUP-015,CMP-009,500,2026-04-16,2026-05-04,Received
PO-00155,SUP-004,CMP-016,100,2026-03-06,2026-03-13,Received
PO-00156,SUP-010,CMP-023,50,2026-02-27,2026-03-04,Received
PO-00157,SUP-002,CMP-022,250,2026-01-06,2026-01-16,Open
PO-00158,SUP-008,CMP-025,250,2026-03-21,2026-04-08,Received
PO-00159,SUP-005,CMP-009,300,2026-07-30,2026-08-04,Delayed
PO-00160,SUP-015,CMP-026,50,2026-03-15,2026-04-02,Open
PO-00161,SUP-011,CMP-010,300,2026-02-17,2026-02-25,Received
PO-00162,SUP-012,CMP-018,250,2026-01-04,2026-01-18,Delayed
PO-00163,SUP-016,CMP-030,500,2026-04-19,2026-05-03,Open
PO-00164,SUP-015,CMP-004,50,2026-07-07,2026-07-25,Open
PO-00165,SUP-013,CMP-022,500,2025-12-06,2025-12-16,Received
PO-00166,SUP-009,CMP-001,250,2026-07-16,2026-07-28,Received
PO-00167,SUP-009,CMP-022,250,2026-03-06,2026-03-18,Open
PO-00168,SUP-008,CMP-004,200,2026-09-05,2026-09-23,Received
PO-00169,SUP-020,CMP-011,100,2026-08-16,2026-08-28,Received
PO-00170,SUP-010,CMP-023,300,2026-02-20,2026-02-25,Received
PO-00171,SUP-010,CMP-002,200,2026-07-20,2026-07-25,Received
PO-00172,SUP-013,CMP-005,200,2026-03-12,2026-03-22,Received
PO-00173,SUP-014,CMP-018,250,2026-06-30,2026-07-14,Open
PO-00174,SUP-016,CMP-027,250,2026-02-21,2026-03-07,Delayed
PO-00175,SUP-001,CMP-007,200,2026-02-02,2026-02-07,Delayed
PO-00176,SUP-012,CMP-022,250,2026-03-18,2026-04-01,Received
PO-00177,SUP-015,CMP-004,50,2026-06-01,2026-06-19,Received
PO-00178,SUP-002,CMP-001,500,2026-03-31,2026-04-10,Received
PO-00179,SUP-007,CMP-019,50,2025-12-08,2025-12-13,Received
PO-00180,SUP-008,CMP-028,150,2026-07-04,2026-07-22,Open
PO-00181,SUP-005,CMP-009,100,2025-12-15,2025-12-20,Received
PO-00182,SUP-001,CMP-022,100,2026-09-10,2026-09-15,Received
PO-00183,SUP-011,CMP-019,50,2026-06-20,2026-06-28,Received
PO-00184,SUP-017,CMP-014,50,2026-08-16,2026-08-21,Received
PO-00185,SUP-019,CMP-017,50,2026-01-29,2026-02-16,Received
PO-00186,SUP-017,CMP-002,150,2026-01-26,2026-01-31,Received
PO-00187,SUP-013,CMP-016,200,2026-07-24,2026-08-03,Received
PO-00188,SUP-003,CMP-003,150,2026-07-04,2026-07-11,Received
PO-00189,SUP-019,CMP-021,250,2026-04-04,2026-04-22,Received
PO-00190,SUP-015,CMP-010,250,2026-02-09,2026-02-27,Received
PO-00191,SUP-018,CMP-028,300,2026-05-30,2026-06-06,Received
PO-00192,SUP-011,CMP-014,500,2026-01-28,2026-02-05,Received
PO-00193,SUP-014,CMP-011,150,2026-05-10,2026-05-24,Received
PO-00194,SUP-016,CMP-030,50,2026-08-02,2026-08-16,Open
PO-00195,SUP-012,CMP-004,500,2026-07-13,2026-07-27,Received
PO-00196,SUP-018,CMP-018,150,2026-07-17,2026-07-24,Received
PO-00197,SUP-014,CMP-025,500,2026-08-22,2026-09-05,Delayed
PO-00198,SUP-019,CMP-004,250,2026-06-01,2026-06-19,Received
PO-00199,SUP-004,CMP-028,150,2025-12-07,2025-12-14,Received
PO-00200,SUP-008,CMP-019,500,2026-02-10,2026-02-28,Open
PO-00201,SUP-020,CMP-027,250,2025-12-06,2025-12-18,Received
PO-00202,SUP-009,CMP-027,50,2026-06-17,2026-06-29,Received
PO-00203,SUP-011,CMP-030,150,2026-09-14,2026-09-22,Received
PO-00204,SUP-013,CMP-022,50,2026-07-07,2026-07-17,Open
PO-00205,SUP-017,CMP-003,100,2026-03-09,2026-03-14,Received
PO-00206,SUP-010,CMP-012,300,2026-04-04,2026-04-09,Open
PO-00207,SUP-002,CMP-003,100,2026-06-29,2026-07-09,Open
PO-00208,SUP-009,CMP-003,200,2026-02-12,2026-02-24,Received
PO-00209,SUP-007,CMP-009,500,2025-12-29,2026-01-03,Received
PO-00210,SUP-019,CMP-010,200,2025-12-22,2026-01-09,Received
PO-00211,SUP-020,CMP-013,50,2026-09-14,2026-09-26,Received
PO-00212,SUP-005,CMP-025,500,2026-05-10,2026-05-15,Received
PO-00213,SUP-014,CMP-016,100,2026-07-13,2026-07-27,Received
PO-00214,SUP-018,CMP-017,500,2026-03-20,2026-03-27,Received
PO-00215,SUP-014,CMP-002,50,2026-01-25,2026-02-08,Delayed
PO-00216,SUP-019,CMP-014,200,2026-02-16,2026-03-06,Received
PO-00217,SUP-006,CMP-011,500,2026-01-25,2026-02-04,Open
PO-00218,SUP-014,CMP-003,500,2026-07-25,2026-08-08,Received
PO-00219,SUP-003,CMP-017,200,2026-04-12,2026-04-19,Open
PO-00220,SUP-006,CMP-025,50,2025-12-30,2026-01-09,Received
PO-00221,SUP-001,CMP-007,500,2026-03-23,2026-03-28,Received
PO-00222,SUP-005,CMP-021,100,2026-07-27,2026-08-01,Received
PO-00223,SUP-005,CMP-020,500,2026-08-10,2026-08-15,Received
PO-00224,SUP-015,CMP-016,500,2025-12-03,2025-12-21,Open
PO-00225,SUP-019,CMP-030,300,2026-04-05,2026-04-23,Open
PO-00226,SUP-015,CMP-005,50,2026-01-20,2026-02-07,Received
PO-00227,SUP-019,CMP-009,50,2026-03-21,2026-04-08,Received
PO-00228,SUP-002,CMP-015,50,2026-03-13,2026-03-23,Open
PO-00229,SUP-003,CMP-028,250,2026-01-01,2026-01-08,Received
PO-00230,SUP-002,CMP-026,200,2026-06-13,2026-06-23,Received
PO-00231,SUP-002,CMP-005,200,2026-07-27,2026-08-06,Open
PO-00232,SUP-003,CMP-023,250,2026-06-21,2026-06-28,Received
PO-00233,SUP-017,CMP-015,250,2026-06-28,2026-07-03,Received
PO-00234,SUP-014,CMP-013,500,2026-03-28,2026-04-11,Received
PO-00235,SUP-011,CMP-021,50,2026-04-02,2026-04-10,Received
PO-00236,SUP-009,CMP-010,300,2026-07-03,2026-07-15,Received
PO-00237,SUP-012,CMP-005,150,2026-03-01,2026-03-15,Received
PO-00238,SUP-010,CMP-003,250,2026-03-09,2026-03-14,Received
PO-00239,SUP-017,CMP-005,50,2026-02-13,2026-02-18,Received
PO-00240,SUP-006,CMP-010,100,2026-03-27,2026-04-06,Delayed
PO-00241,SUP-005,CMP-005,50,2026-04-19,2026-04-24,Open
PO-00242,SUP-018,CMP-025,500,2025-12-22,2025-12-29,Received
PO-00243,SUP-020,CMP-025,100,2026-03-09,2026-03-21,Received
PO-00244,SUP-020,CMP-023,500,2026-06-25,2026-07-07,Open
PO-00245,SUP-008,CMP-012,200,2026-04-25,2026-05-13,Open
PO-00246,SUP-018,CMP-008,100,2026-04-12,2026-04-19,Delayed
PO-00247,SUP-019,CMP-012,200,2026-01-24,2026-02-11,Open
PO-00248,SUP-017,CMP-017,200,2026-06-27,2026-07-02,Open
PO-00249,SUP-009,CMP-005,50,2026-01-14,2026-01-26,Open
PO-00250,SUP-017,CMP-004,500,2026-07-16,2026-07-21,Received
PO-00251,SUP-015,CMP-009,250,2026-07-04,2026-07-22,Open
PO-00252,SUP-008,CMP-030,500,2026-01-30,2026-02-17,Open
PO-00253,SUP-002,CMP-014,200,2026-01-03,2026-01-13,Received
PO-00254,SUP-012,CMP-003,100,2026-09-03,2026-09-17,Received
PO-00255,SUP-011,CMP-023,500,2026-07-05,2026-07-13,Received
PO-00256,SUP-016,CMP-027,300,2026-07-08,2026-07-22,Open
PO-00257,SUP-001,CMP-020,50,2026-09-08,2026-09-13,Received
PO-00258,SUP-020,CMP-018,250,2026-02-13,2026-02-25,Received
PO-00259,SUP-004,CMP-010,50,2026-05-18,2026-05-25,Received
PO-00260,SUP-003,CMP-015,50,2026-01-05,2026-01-12,Received
PO-00261,SUP-019,CMP-017,100,2026-07-06,2026-07-24,Received
PO-00262,SUP-008,CMP-012,250,2026-02-16,2026-03-06,Received
PO-00263,SUP-012,CMP-017,50,2025-12-22,2026-01-05,Received
PO-00264,SUP-018,CMP-017,50,2026-03-02,2026-03-09,Open
PO-00265,SUP-012,CMP-013,150,2026-09-09,2026-09-23,Received
PO-00266,SUP-004,CMP-008,500,2026-03-31,2026-04-07,Received
PO-00267,SUP-006,CMP-011,500,2026-01-23,2026-02-02,Delayed
PO-00268,SUP-005,CMP-026,50,2026-01-26,2026-01-31,Received
PO-00269,SUP-007,CMP-026,50,2026-04-09,2026-04-14,Delayed
PO-00270,SUP-009,CMP-016,50,2026-06-12,2026-06-24,Received
PO-00271,SUP-011,CMP-002,150,2026-07-16,2026-07-24,Open
PO-00272,SUP-015,CMP-013,200,2026-03-28,2026-04-15,Delayed
PO-00273,SUP-017,CMP-012,150,2026-08-06,2026-08-11,Open
PO-00274,SUP-006,CMP-020,250,2026-04-20,2026-04-30,Received
PO-00275,SUP-010,CMP-022,150,2026-02-01,2026-02-06,Received
PO-00276,SUP-015,CMP-023,150,2026-02-01,2026-02-19,Received
PO-00277,SUP-020,CMP-012,200,2026-04-30,2026-05-12,Received
PO-00278,SUP-003,CMP-002,300,2026-02-22,2026-03-01,Received
PO-00279,SUP-006,CMP-022,50,2026-07-06,2026-07-16,Open
PO-00280,SUP-002,CMP-015,100,2026-08-14,2026-08-24,Received
PO-00281,SUP-013,CMP-012,250,2026-09-01,2026-09-11,Received
PO-00282,SUP-012,CMP-012,200,2026-08-09,2026-08-23,Received
PO-00283,SUP-011,CMP-013,300,2026-04-28,2026-05-06,Received
PO-00284,SUP-006,CMP-024,200,2025-12-26,2026-01-05,Received
PO-00285,SUP-009,CMP-009,300,2026-02-01,2026-02-13,Received
PO-00286,SUP-016,CMP-023,100,2026-07-17,2026-07-31,Received
PO-00287,SUP-015,CMP-006,50,2026-04-07,2026-04-25,Received
PO-00288,SUP-018,CMP-018,150,2026-04-17,2026-04-24,Open
PO-00289,SUP-006,CMP-030,500,2026-03-16,2026-03-26,Received
PO-00290,SUP-001,CMP-007,500,2026-07-08,2026-07-13,Received
PO-00291,SUP-018,CMP-012,250,2026-03-13,2026-03-20,Received
PO-00292,SUP-020,CMP-005,50,2026-08-15,2026-08-27,Received
PO-00293,SUP-016,CMP-024,250,2026-02-19,2026-03-05,Open
PO-00294,SUP-005,CMP-003,150,2026-08-11,2026-08-16,Received
PO-00295,SUP-005,CMP-012,500,2025-12-09,2025-12-14,Received
PO-00296,SUP-014,CMP-005,250,2026-08-20,2026-09-03,Open
PO-00297,SUP-006,CMP-010,100,2026-04-05,2026-04-15,Delayed
PO-00298,SUP-010,CMP-029,500,2026-08-08,2026-08-13,Received
PO-00299,SUP-009,CMP-018,100,2026-04-15,2026-04-27,Received
PO-00300,SUP-006,CMP-021,250,2026-07-01,2026-07-11,Received
PO-00301,SUP-001,CMP-007,500,2026-09-22,2026-10-02,Delayed
