shipment_id,po_id,supplier_id,component_id,shipped_qty,original_eta,revised_eta,delay_days,status
SHP-00001,PO-00001,SUP-018,CMP-019,100,2026-06-04,2026-06-04,0,Delivered
SHP-00002,PO-00002,SUP-008,CMP-002,50,2026-09-19,2026-09-19,0,In Transit
SHP-00003,PO-00003,SUP-009,CMP-008,300,2026-01-24,2026-01-24,0,Delivered
SHP-00004,PO-00004,SUP-019,CMP-030,250,2026-02-05,2026-02-05,0,Delivered
SHP-00005,PO-00005,SUP-007,CMP-014,50,2026-08-04,2026-08-04,0,Delivered
SHP-00006,PO-00007,SUP-002,CMP-004,200,2026-04-07,2026-04-07,0,In Transit
SHP-00007,PO-00008,SUP-001,CMP-007,100,2025-12-22,2025-12-22,0,Delivered
SHP-00008,PO-00009,SUP-015,CMP-009,100,2026-08-28,2026-08-28,0,Delivered
SHP-00009,PO-00011,SUP-008,CMP-030,100,2026-03-11,2026-03-11,0,Delivered
SHP-00010,PO-00012,SUP-002,CMP-013,100,2026-03-17,2026-03-17,0,Delivered
SHP-00011,PO-00013,SUP-015,CMP-030,150,2026-03-03,2026-03-03,0,Delivered
SHP-00012,PO-00014,SUP-018,CMP-026,300,2026-01-18,2026-01-18,0,Delivered
SHP-00013,PO-00015,SUP-019,CMP-002,300,2026-01-01,2026-01-01,0,Delivered
SHP-00014,PO-00016,SUP-019,CMP-002,200,2026-01-21,2026-01-23,2,Delayed
SHP-00015,PO-00017,SUP-003,CMP-017,500,2026-06-21,2026-06-21,0,Delivered
SHP-00016,PO-00018,SUP-008,CMP-028,200,2026-08-05,2026-08-11,6,Delayed
SHP-00017,PO-00019,SUP-002,CMP-020,250,2026-08-17,2026-08-17,0,Delivered
SHP-00018,PO-00020,SUP-011,CMP-017,150,2026-06-13,2026-06-13,0,Delivered
SHP-00019,PO-00022,SUP-003,CMP-030,50,2026-02-02,2026-02-02,0,Delivered
SHP-00020,PO-00023,SUP-003,CMP-004,250,2026-06-07,2026-06-07,0,Delivered
SHP-00021,PO-00024,SUP-003,CMP-012,100,2026-03-19,2026-03-19,0,Delivered
SHP-00022,PO-00025,SUP-010,CMP-018,250,2025-12-26,2025-12-26,0,Delivered
SHP-00023,PO-00026,SUP-004,CMP-010,100,2026-05-12,2026-05-12,0,Delivered
SHP-00024,PO-00027,SUP-005,CMP-018,150,2026-05-01,2026-05-01,0,Delivered
SHP-00025,PO-00028,SUP-001,CMP-007,300,2026-05-10,2026-05-10,0,Delivered
SHP-00026,PO-00029,SUP-002,CMP-030,50,2026-02-23,2026-02-23,0,In Transit
SHP-00027,PO-00030,SUP-005,CMP-011,300,2026-05-11,2026-05-11,0,Delivered
SHP-00028,PO-00032,SUP-005,CMP-023,250,2026-09-04,2026-09-04,0,In Transit
SHP-00029,PO-00033,SUP-014,CMP-005,100,2026-09-10,2026-09-10,0,Delivered
SHP-00030,PO-00034,SUP-002,CMP-026,150,2026-06-12,2026-06-12,0,Delivered
SHP-00031,PO-00035,SUP-018,CMP-012,500,2026-02-28,2026-03-03,3,Delayed
SHP-00032,PO-00036,SUP-006,CMP-028,500,2026-06-29,2026-06-29,0,In Transit
SHP-00033,PO-00037,SUP-011,CMP-024,500,2026-02-27,2026-02-27,0,In Transit
SHP-00034,PO-00038,SUP-008,CMP-026,150,2026-07-16,2026-07-16,0,In Transit
SHP-00035,PO-00039,SUP-002,CMP-028,500,2026-01-30,2026-01-30,0,Delivered
SHP-00036,PO-00040,SUP-012,CMP-015,150,2026-06-07,2026-06-07,0,Delivered
SHP-00037,PO-00041,SUP-011,CMP-013,150,2026-08-21,2026-08-27,6,Delayed
SHP-00038,PO-00043,SUP-019,CMP-006,150,2026-09-16,2026-09-16,0,Delivered
SHP-00039,PO-00044,SUP-011,CMP-024,200,2026-01-07,2026-01-07,0,Delivered
SHP-00040,PO-00045,SUP-001,CMP-007,150,2026-08-31,2026-08-31,0,In Transit
SHP-00041,PO-00046,SUP-018,CMP-030,300,2026-06-16,2026-06-16,0,Delivered
SHP-00042,PO-00047,SUP-011,CMP-022,250,2026-04-18,2026-04-18,0,Delivered
SHP-00043,PO-00048,SUP-010,CMP-029,250,2026-04-17,2026-04-17,0,Delivered
SHP-00044,PO-00049,SUP-010,CMP-023,250,2026-07-19,2026-07-19,0,Delivered
SHP-00045,PO-00050,SUP-006,CMP-013,250,2026-04-26,2026-04-26,0,Delivered
SHP-00046,PO-00051,SUP-010,CMP-010,100,2026-02-14,2026-02-14,0,In Transit
SHP-00047,PO-00052,SUP-015,CMP-011,200,2026-02-21,2026-02-21,0,Delivered
SHP-00048,PO-00053,SUP-006,CMP-026,300,2026-08-15,2026-08-15,0,Delivered
SHP-00049,PO-00054,SUP-011,CMP-020,50,2026-05-28,2026-05-28,0,Delivered
SHP-00050,PO-00056,SUP-003,CMP-020,200,2026-02-24,2026-02-24,0,In Transit
SHP-00051,PO-00057,SUP-013,CMP-023,200,2026-03-07,2026-03-07,0,Delivered
SHP-00052,PO-00058,SUP-004,CMP-001,500,2026-02-19,2026-02-19,0,Delivered
SHP-00053,PO-00059,SUP-017,CMP-023,200,2026-08-28,2026-08-28,0,Delivered
SHP-00054,PO-00061,SUP-011,CMP-020,500,2026-02-11,2026-02-11,0,Delivered
SHP-00055,PO-00062,SUP-014,CMP-017,500,2025-12-25,2025-12-25,0,Delivered
SHP-00056,PO-00063,SUP-016,CMP-028,200,2026-05-22,2026-05-22,0,In Transit
SHP-00057,PO-00064,SUP-017,CMP-009,200,2026-05-23,2026-05-23,0,Delivered
SHP-00058,PO-00065,SUP-008,CMP-010,150,2026-04-17,2026-04-17,0,Delivered
SHP-00059,PO-00066,SUP-005,CMP-005,100,2026-03-10,2026-03-10,0,Delivered
SHP-00060,PO-00067,SUP-014,CMP-003,200,2026-04-15,2026-04-15,0,Delivered
SHP-00061,PO-00068,SUP-001,CMP-007,500,2026-02-19,2026-02-19,0,Delivered
SHP-00062,PO-00070,SUP-013,CMP-010,500,2026-02-25,2026-02-25,0,Delivered
SHP-00063,PO-00071,SUP-020,CMP-026,100,2026-01-23,2026-01-23,0,Delivered
SHP-00064,PO-00072,SUP-013,CMP-001,150,2026-03-04,2026-03-04,0,In Transit
SHP-00065,PO-00073,SUP-005,CMP-030,250,2025-12-23,2025-12-23,0,Delivered
SHP-00066,PO-00074,SUP-001,CMP-019,50,2026-02-15,2026-02-15,0,Delivered
SHP-00067,PO-00075,SUP-009,CMP-002,200,2026-04-15,2026-04-15,0,Delivered
SHP-00068,PO-00076,SUP-013,CMP-025,150,2026-02-24,2026-02-24,0,Delivered
SHP-00069,PO-00077,SUP-018,CMP-001,50,2026-03-29,2026-03-29,0,Delivered
SHP-00070,PO-00078,SUP-002,CMP-021,500,2026-09-12,2026-09-14,2,Delayed
SHP-00071,PO-00079,SUP-005,CMP-020,100,2026-07-20,2026-07-20,0,Delivered
SHP-00072,PO-00080,SUP-001,CMP-007,200,2026-05-14,2026-05-14,0,In Transit
SHP-00073,PO-00081,SUP-004,CMP-020,500,2026-07-03,2026-07-05,2,Delayed
SHP-00074,PO-00082,SUP-010,CMP-030,250,2026-03-14,2026-03-14,0,Delivered
SHP-00075,PO-00083,SUP-019,CMP-003,300,2026-06-03,2026-06-03,0,Delivered
SHP-00076,PO-00084,SUP-020,CMP-028,500,2026-07-30,2026-07-30,0,In Transit
SHP-00077,PO-00085,SUP-012,CMP-002,250,2026-02-24,2026-02-24,0,Delivered
SHP-00078,PO-00086,SUP-011,CMP-021,50,2026-02-22,2026-02-22,0,In Transit
SHP-00079,PO-00087,SUP-015,CMP-012,300,2026-07-19,2026-07-19,0,Delivered
SHP-00080,PO-00088,SUP-009,CMP-021,250,2025-12-28,2025-12-28,0,In Transit
SHP-00081,PO-00089,SUP-019,CMP-027,150,2026-04-23,2026-04-23,0,In Transit
SHP-00082,PO-00090,SUP-009,CMP-003,200,2026-05-28,2026-05-28,0,In Transit
SHP-00083,PO-00091,SUP-013,CMP-022,150,2026-09-13,2026-09-13,0,Delivered
SHP-00084,PO-00092,SUP-007,CMP-016,150,2026-05-13,2026-05-13,0,Delivered
SHP-00085,PO-00093,SUP-009,CMP-023,250,2026-09-24,2026-09-24,0,Delivered
SHP-00086,PO-00094,SUP-014,CMP-008,200,2025-12-21,2025-12-21,0,In Transit
SHP-00087,PO-00095,SUP-016,CMP-021,200,2026-09-23,2026-09-23,0,Delivered
SHP-00088,PO-00096,SUP-008,CMP-023,150,2026-03-31,2026-03-31,0,Delivered
SHP-00089,PO-00097,SUP-018,CMP-014,150,2026-03-28,2026-03-28,0,In Transit
SHP-00090,PO-00098,SUP-008,CMP-009,50,2026-06-29,2026-06-29,0,Delivered
SHP-00091,PO-00099,SUP-006,CMP-025,100,2026-06-09,2026-06-09,0,In Transit
SHP-00092,PO-00100,SUP-017,CMP-019,250,2026-05-01,2026-05-05,4,Delayed
SHP-00093,PO-00101,SUP-012,CMP-008,100,2026-04-30,2026-04-30,0,Delivered
SHP-00094,PO-00103,SUP-016,CMP-021,50,2026-09-25,2026-09-25,0,Delivered
SHP-00095,PO-00104,SUP-011,CMP-015,100,2026-08-30,2026-08-30,0,Delivered
SHP-00096,PO-00105,SUP-003,CMP-004,200,2026-01-16,2026-01-16,0,Delivered
SHP-00097,PO-00106,SUP-005,CMP-002,100,2025-12-08,2025-12-11,3,Delayed
SHP-00098,PO-00107,SUP-018,CMP-004,500,2026-02-23,2026-02-23,0,Delivered
SHP-00099,PO-00108,SUP-017,CMP-008,200,2026-02-04,2026-02-10,6,Delayed
SHP-00100,PO-00109,SUP-010,CMP-014,250,2026-08-23,2026-08-23,0,Delivered
SHP-00101,PO-00110,SUP-007,CMP-025,300,2026-06-06,2026-06-06,0,Delivered
SHP-00102,PO-00111,SUP-006,CMP-008,250,2026-08-20,2026-08-20,0,Delivered
SHP-00103,PO-00112,SUP-020,CMP-023,200,2026-05-03,2026-05-03,0,Delivered
SHP-00104,PO-00113,SUP-015,CMP-010,50,2026-06-08,2026-06-14,6,Delayed
SHP-00105,PO-00114,SUP-007,CMP-022,200,2026-07-26,2026-07-26,0,Delivered
SHP-00106,PO-00115,SUP-009,CMP-030,500,2026-07-19,2026-07-19,0,Delivered
SHP-00107,PO-00116,SUP-020,CMP-010,300,2026-05-05,2026-05-05,0,Delivered
SHP-00108,PO-00117,SUP-013,CMP-010,150,2026-01-14,2026-01-14,0,Delivered
SHP-00109,PO-00118,SUP-002,CMP-020,200,2026-04-15,2026-04-15,0,Delivered
SHP-00110,PO-00119,SUP-019,CMP-008,250,2026-09-25,2026-09-29,4,Delayed
SHP-00111,PO-00120,SUP-002,CMP-019,500,2026-06-30,2026-06-30,0,Delivered
SHP-00112,PO-00121,SUP-009,CMP-030,100,2026-02-18,2026-02-18,0,Delivered
SHP-00113,PO-00122,SUP-016,CMP-003,150,2026-03-06,2026-03-06,0,Delivered
SHP-00114,PO-00123,SUP-006,CMP-028,150,2026-03-01,2026-03-01,0,Delivered
SHP-00115,PO-00124,SUP-018,CMP-013,50,2026-02-04,2026-02-04,0,Delivered
SHP-00116,PO-00125,SUP-013,CMP-004,500,2026-01-07,2026-01-07,0,In Transit
SHP-00117,PO-00126,SUP-018,CMP-028,200,2026-02-25,2026-02-25,0,Delivered
SHP-00118,PO-00127,SUP-016,CMP-020,300,2026-02-17,2026-02-17,0,In Transit
SHP-00119,PO-00128,SUP-005,CMP-018,150,2026-02-10,2026-02-10,0,In Transit
SHP-00120,PO-00129,SUP-020,CMP-001,500,2026-05-30,2026-05-30,0,In Transit
SHP-00121,PO-00130,SUP-018,CMP-001,200,2026-08-08,2026-08-08,0,Delivered
SHP-00122,PO-00131,SUP-015,CMP-004,50,2026-07-19,2026-07-19,0,Delivered
SHP-00123,PO-00132,SUP-009,CMP-017,200,2026-01-25,2026-01-31,6,Delayed
SHP-00124,PO-00133,SUP-013,CMP-005,100,2026-01-10,2026-01-10,0,In Transit
SHP-00125,PO-00134,SUP-009,CMP-003,500,2026-03-01,2026-03-01,0,Delivered
SHP-00126,PO-00135,SUP-001,CMP-009,150,2026-04-23,2026-04-23,0,In Transit
SHP-00127,PO-00136,SUP-016,CMP-022,500,2026-07-17,2026-07-17,0,Delivered
SHP-00128,PO-00138,SUP-007,CMP-028,300,2026-05-23,2026-05-23,0,Delivered
SHP-00129,PO-00139,SUP-014,CMP-025,50,2026-04-22,2026-04-22,0,In Transit
SHP-00130,PO-00140,SUP-013,CMP-026,200,2026-07-12,2026-07-12,0,Delivered
SHP-00131,PO-00141,SUP-019,CMP-017,150,2026-08-15,2026-08-15,0,In Transit
SHP-00132,PO-00142,SUP-015,CMP-017,50,2026-07-24,2026-07-24,0,Delivered
SHP-00133,PO-00143,SUP-003,CMP-005,200,2026-05-12,2026-05-12,0,Delivered
SHP-00134,PO-00144,SUP-003,CMP-021,500,2026-04-09,2026-04-09,0,In Transit
SHP-00135,PO-00145,SUP-011,CMP-013,300,2026-01-19,2026-01-19,0,In Transit
SHP-00136,PO-00146,SUP-008,CMP-003,300,2026-05-11,2026-05-16,5,Delayed
SHP-00137,PO-00147,SUP-004,CMP-004,200,2026-07-01,2026-07-01,0,Delivered
SHP-00138,PO-00148,SUP-011,CMP-002,500,2026-08-28,2026-08-28,0,Delivered
SHP-00139,PO-00149,SUP-008,CMP-005,250,2026-03-09,2026-03-09,0,Delivered
SHP-00140,PO-00150,SUP-006,CMP-006,50,2026-03-16,2026-03-16,0,Delivered
SHP-00141,PO-00151,SUP-019,CMP-030,100,2026-06-09,2026-06-09,0,Delivered
SHP-00142,PO-00152,SUP-001,CMP-009,500,2026-01-27,2026-01-30,3,Delayed
SHP-00143,PO-00153,SUP-015,CMP-003,150,2026-05-05,2026-05-05,0,Delivered
SHP-00144,PO-00154,SUP-015,CMP-009,500,2026-05-04,2026-05-04,0,Delivered
SHP-00145,PO-00155,SUP-004,CMP-016,100,2026-03-13,2026-03-13,0,Delivered
SHP-00146,PO-00156,SUP-010,CMP-023,50,2026-03-04,2026-03-04,0,Delivered
SHP-00147,PO-00157,SUP-002,CMP-022,250,2026-01-16,2026-01-16,0,In Transit
SHP-00148,PO-00158,SUP-008,CMP-025,250,2026-04-08,2026-04-08,0,Delivered
SHP-00149,PO-00159,SUP-005,CMP-009,300,2026-08-04,2026-08-08,4,Delayed
SHP-00150,PO-00160,SUP-015,CMP-026,50,2026-04-02,2026-04-02,0,In Transit
SHP-00151,PO-00161,SUP-011,CMP-010,300,2026-02-25,2026-02-25,0,Delivered
SHP-00152,PO-00162,SUP-012,CMP-018,250,2026-01-18,2026-01-22,4,Delayed
SHP-00153,PO-00163,SUP-016,CMP-030,500,2026-05-03,2026-05-03,0,In Transit
SHP-00154,PO-00164,SUP-015,CMP-004,50,2026-07-25,2026-07-25,0,In Transit
SHP-00155,PO-00165,SUP-013,CMP-022,500,2025-12-16,2025-12-16,0,Delivered
SHP-00156,PO-00166,SUP-009,CMP-001,250,2026-07-28,2026-07-28,0,Delivered
SHP-00157,PO-00169,SUP-020,CMP-011,100,2026-08-28,2026-08-28,0,Delivered
SHP-00158,PO-00170,SUP-010,CMP-023,300,2026-02-25,2026-02-25,0,Delivered
SHP-00159,PO-00171,SUP-010,CMP-002,200,2026-07-25,2026-07-25,0,Delivered
SHP-00160,PO-00172,SUP-013,CMP-005,200,2026-03-22,2026-03-22,0,Delivered
SHP-00161,PO-00173,SUP-014,CMP-018,250,2026-07-14,2026-07-14,0,In Transit
SHP-00162,PO-00174,SUP-016,CMP-027,250,2026-03-07,2026-03-11,4,Delayed
SHP-00163,PO-00175,SUP-001,CMP-007,200,2026-02-07,2026-02-09,2,Delayed
SHP-00164,PO-00176,SUP-012,CMP-022,250,2026-04-01,2026-04-01,0,Delivered
SHP-00165,PO-00177,SUP-015,CMP-004,50,2026-06-19,2026-06-19,0,Delivered
SHP-00166,PO-00178,SUP-002,CMP-001,500,2026-04-10,2026-04-10,0,Delivered
SHP-00167,PO-00179,SUP-007,CMP-019,50,2025-12-13,2025-12-13,0,Delivered
SHP-00168,PO-00180,SUP-008,CMP-028,150,2026-07-22,2026-07-22,0,In Transit
SHP-00169,PO-00181,SUP-005,CMP-009,100,2025-12-20,2025-12-20,0,Delivered
SHP-00170,PO-00182,SUP-001,CMP-022,100,2026-09-15,2026-09-15,0,Delivered
SHP-00171,PO-00183,SUP-011,CMP-019,50,2026-06-28,2026-06-28,0,Delivered
SHP-00172,PO-00184,SUP-017,CMP-014,50,2026-08-21,2026-08-21,0,Delivered
SHP-00173,PO-00186,SUP-017,CMP-002,150,2026-01-31,2026-01-31,0,Delivered
SHP-00174,PO-00187,SUP-013,CMP-016,200,2026-08-03,2026-08-03,0,Delivered
SHP-00175,PO-00188,SUP-003,CMP-003,150,2026-07-11,2026-07-11,0,Delivered
SHP-00176,PO-00189,SUP-019,CMP-021,250,2026-04-22,2026-04-22,0,Delivered
SHP-00177,PO-00190,SUP-015,CMP-010,250,2026-02-27,2026-02-27,0,Delivered
SHP-00178,PO-00191,SUP-018,CMP-028,300,2026-06-06,2026-06-06,0,Delivered
SHP-00179,PO-00192,SUP-011,CMP-014,500,2026-02-05,2026-02-05,0,Delivered
SHP-00180,PO-00193,SUP-014,CMP-011,150,2026-05-24,2026-05-24,0,Delivered
SHP-00181,PO-00194,SUP-016,CMP-030,50,2026-08-16,2026-08-16,0,In Transit
SHP-00182,PO-00195,SUP-012,CMP-004,500,2026-07-27,2026-07-27,0,Delivered
SHP-00183,PO-00196,SUP-018,CMP-018,150,2026-07-24,2026-07-24,0,Delivered
SHP-00184,PO-00197,SUP-014,CMP-025,500,2026-09-05,2026-09-09,4,Delayed
SHP-00185,PO-00198,SUP-019,CMP-004,250,2026-06-19,2026-06-19,0,Delivered
SHP-00186,PO-00199,SUP-004,CMP-028,150,2025-12-14,2025-12-14,0,Delivered
SHP-00187,PO-00202,SUP-009,CMP-027,50,2026-06-29,2026-06-29,0,Delivered
SHP-00188,PO-00203,SUP-011,CMP-030,150,2026-09-22,2026-09-22,0,Delivered
SHP-00189,PO-00205,SUP-017,CMP-003,100,2026-03-14,2026-03-14,0,Delivered
SHP-00190,PO-00206,SUP-010,CMP-012,300,2026-04-09,2026-04-09,0,In Transit
SHP-00191,PO-00207,SUP-002,CMP-003,100,2026-07-09,2026-07-09,0,In Transit
SHP-00192,PO-00208,SUP-009,CMP-003,200,2026-02-24,2026-02-24,0,Delivered
SHP-00193,PO-00209,SUP-007,CMP-009,500,2026-01-03,2026-01-03,0,Delivered
SHP-00194,PO-00210,SUP-019,CMP-010,200,2026-01-09,2026-01-09,0,Delivered
SHP-00195,PO-00212,SUP-005,CMP-025,500,2026-05-15,2026-05-15,0,Delivered
SHP-00196,PO-00213,SUP-014,CMP-016,100,2026-07-27,2026-07-27,0,Delivered
SHP-00197,PO-00214,SUP-018,CMP-017,500,2026-03-27,2026-03-27,0,Delivered
SHP-00198,PO-00215,SUP-014,CMP-002,50,2026-02-08,2026-02-14,6,Delayed
SHP-00199,PO-00216,SUP-019,CMP-014,200,2026-03-06,2026-03-06,0,Delivered
SHP-00200,PO-00217,SUP-006,CMP-011,500,2026-02-04,2026-02-04,0,In Transit
SHP-00201,PO-00218,SUP-014,CMP-003,500,2026-08-08,2026-08-08,0,Delivered
SHP-00202,PO-00219,SUP-003,CMP-017,200,2026-04-19,2026-04-19,0,In Transit
SHP-00203,PO-00220,SUP-006,CMP-025,50,2026-01-09,2026-01-09,0,Delivered
SHP-00204,PO-00222,SUP-005,CMP-021,100,2026-08-01,2026-08-01,0,Delivered
SHP-00205,PO-00223,SUP-005,CMP-020,500,2026-08-15,2026-08-15,0,Delivered
SHP-00206,PO-00224,SUP-015,CMP-016,500,2025-12-21,2025-12-21,0,In Transit
SHP-00207,PO-00225,SUP-019,CMP-030,300,2026-04-23,2026-04-23,0,In Transit
SHP-00208,PO-00226,SUP-015,CMP-005,50,2026-02-07,2026-02-07,0,Delivered
SHP-00209,PO-00227,SUP-019,CMP-009,50,2026-04-08,2026-04-08,0,Delivered
SHP-00210,PO-00228,SUP-002,CMP-015,50,2026-03-23,2026-03-23,0,In Transit
SHP-00211,PO-00229,SUP-003,CMP-028,250,2026-01-08,2026-01-08,0,Delivered
SHP-00212,PO-00230,SUP-002,CMP-026,200,2026-06-23,2026-06-23,0,Delivered
SHP-00213,PO-00231,SUP-002,CMP-005,200,2026-08-06,2026-08-06,0,In Transit
SHP-00214,PO-00232,SUP-003,CMP-023,250,2026-06-28,2026-06-28,0,Delivered
SHP-00215,PO-00233,SUP-017,CMP-015,250,2026-07-03,2026-07-03,0,Delivered
SHP-00216,PO-00234,SUP-014,CMP-013,500,2026-04-11,2026-04-11,0,Delivered
SHP-00217,PO-00235,SUP-011,CMP-021,50,2026-04-10,2026-04-10,0,Delivered
SHP-00218,PO-00236,SUP-009,CMP-010,300,2026-07-15,2026-07-15,0,Delivered
SHP-00219,PO-00237,SUP-012,CMP-005,150,2026-03-15,2026-03-15,0,Delivered
SHP-00220,PO-00238,SUP-010,CMP-003,250,2026-03-14,2026-03-14,0,Delivered
SHP-00221,PO-00239,SUP-017,CMP-005,50,2026-02-18,2026-02-18,0,Delivered
SHP-00222,PO-00240,SUP-006,CMP-010,100,2026-04-06,2026-04-09,3,Delayed
SHP-00223,PO-00241,SUP-005,CMP-005,50,2026-04-24,2026-04-24,0,In Transit
SHP-00224,PO-00242,SUP-018,CMP-025,500,2025-12-29,2025-12-29,0,Delivered
SHP-00225,PO-00243,SUP-020,CMP-025,100,2026-03-21,2026-03-21,0,Delivered
SHP-00226,PO-00244,SUP-020,CMP-023,500,2026-07-07,2026-07-07,0,In Transit
SHP-00227,PO-00245,SUP-008,CMP-012,200,2026-05-13,2026-05-13,0,In Transit
SHP-00228,PO-00246,SUP-018,CMP-008,100,2026-04-19,2026-04-22,3,Delayed
SHP-00229,PO-00247,SUP-019,CMP-012,200,2026-02-11,2026-02-11,0,In Transit
SHP-00230,PO-00248,SUP-017,CMP-017,200,2026-07-02,2026-07-02,0,In Transit
SHP-00231,PO-00249,SUP-009,CMP-005,50,2026-01-26,2026-01-26,0,In Transit
SHP-00232,PO-00250,SUP-017,CMP-004,500,2026-07-21,2026-07-21,0,Delivered
SHP-00233,PO-00251,SUP-015,CMP-009,250,2026-07-22,2026-07-22,0,In Transit
SHP-00234,PO-00253,SUP-002,CMP-014,200,2026-01-13,2026-01-13,0,Delivered
SHP-00235,PO-00254,SUP-012,CMP-003,100,2026-09-17,2026-09-17,0,Delivered
SHP-00236,PO-00255,SUP-011,CMP-023,500,2026-07-13,2026-07-13,0,Delivered
SHP-00237,PO-00256,SUP-016,CMP-027,300,2026-07-22,2026-07-22,0,In Transit
SHP-00238,PO-00257,SUP-001,CMP-020,50,2026-09-13,2026-09-13,0,Delivered
SHP-00239,PO-00258,SUP-020,CMP-018,250,2026-02-25,2026-02-25,0,Delivered
SHP-00240,PO-00259,SUP-004,CMP-010,50,2026-05-25,2026-05-25,0,Delivered
SHP-00241,PO-00260,SUP-003,CMP-015,50,2026-01-12,2026-01-12,0,Delivered
SHP-00242,PO-00261,SUP-019,CMP-017,100,2026-07-24,2026-07-24,0,Delivered
SHP-00243,PO-00262,SUP-008,CMP-012,250,2026-03-06,2026-03-06,0,Delivered
SHP-00244,PO-00263,SUP-012,CMP-017,50,2026-01-05,2026-01-05,0,Delivered
SHP-00245,PO-00264,SUP-018,CMP-017,50,2026-03-09,2026-03-09,0,In Transit
SHP-00246,PO-00265,SUP-012,CMP-013,150,2026-09-23,2026-09-23,0,Delivered
SHP-00247,PO-00266,SUP-004,CMP-008,500,2026-04-07,2026-04-07,0,Delivered
SHP-00248,PO-00267,SUP-006,CMP-011,500,2026-02-02,2026-02-05,3,Delayed
SHP-00249,PO-00268,SUP-005,CMP-026,50,2026-01-31,2026-01-31,0,Delivered
SHP-00250,PO-00269,SUP-007,CMP-026,50,2026-04-14,2026-04-20,6,Delayed
SHP-00251,PO-00270,SUP-009,CMP-016,50,2026-06-24,2026-06-24,0,Delivered
SHP-00252,PO-00271,SUP-011,CMP-002,150,2026-07-24,2026-07-24,0,In Transit
SHP-00253,PO-00272,SUP-015,CMP-013,200,2026-04-15,2026-04-20,5,Delayed
SHP-00254,PO-00273,SUP-017,CMP-012,150,2026-08-11,2026-08-11,0,In Transit
SHP-00255,PO-00274,SUP-006,CMP-020,250,2026-04-30,2026-04-30,0,Delivered
SHP-00256,PO-00275,SUP-010,CMP-022,150,2026-02-06,2026-02-06,0,Delivered
SHP-00257,PO-00276,SUP-015,CMP-023,150,2026-02-19,2026-02-19,0,Delivered
SHP-00258,PO-00277,SUP-020,CMP-012,200,2026-05-12,2026-05-12,0,Delivered
SHP-00259,PO-00278,SUP-003,CMP-002,300,2026-03-01,2026-03-01,0,Delivered
SHP-00260,PO-00279,SUP-006,CMP-022,50,2026-07-16,2026-07-16,0,In Transit
SHP-00261,PO-00280,SUP-002,CMP-015,100,2026-08-24,2026-08-24,0,Delivered
SHP-00262,PO-00281,SUP-013,CMP-012,250,2026-09-11,2026-09-11,0,Delivered
SHP-00263,PO-00282,SUP-012,CMP-012,200,2026-08-23,2026-08-23,0,Delivered
SHP-00264,PO-00283,SUP-011,CMP-013,300,2026-05-06,2026-05-06,0,Delivered
SHP-00265,PO-00284,SUP-006,CMP-024,200,2026-01-05,2026-01-05,0,Delivered
SHP-00266,PO-00285,SUP-009,CMP-009,300,2026-02-13,2026-02-13,0,Delivered
SHP-00267,PO-00286,SUP-016,CMP-023,100,2026-07-31,2026-07-31,0,Delivered
SHP-00268,PO-00287,SUP-015,CMP-006,50,2026-04-25,2026-04-25,0,Delivered
SHP-00269,PO-00288,SUP-018,CMP-018,150,2026-04-24,2026-04-24,0,In Transit
SHP-00270,PO-00289,SUP-006,CMP-030,500,2026-03-26,2026-03-26,0,Delivered
SHP-00271,PO-00290,SUP-001,CMP-007,500,2026-07-13,2026-07-13,0,Delivered
SHP-00272,PO-00293,SUP-016,CMP-024,250,2026-03-05,2026-03-05,0,In Transit
SHP-00273,PO-00294,SUP-005,CMP-003,150,2026-08-16,2026-08-16,0,Delivered
SHP-00274,PO-00295,SUP-005,CMP-012,500,2025-12-14,2025-12-14,0,Delivered
SHP-00275,PO-00296,SUP-014,CMP-005,250,2026-09-03,2026-09-03,0,In Transit
SHP-00276,PO-00297,SUP-006,CMP-010,100,2026-04-15,2026-04-21,6,Delayed
SHP-00277,PO-00298,SUP-010,CMP-029,500,2026-08-13,2026-08-13,0,Delivered
SHP-00278,PO-00299,SUP-009,CMP-018,100,2026-04-27,2026-04-27,0,Delivered
SHP-00279,PO-00300,SUP-006,CMP-021,250,2026-07-11,2026-07-11,0,Delivered
SHP-00280,PO-00301,SUP-001,CMP-007,500,2026-10-02,2026-10-10,8,Delayed
